{
  "checkpoint": {
    "backpressure_wait_sec_total": 2.3531727492809296e-05,
    "enqueue_latency_sec_total": 7.150204510893673,
    "num_events": 35,
    "snapshot_time_sec_total": 0.045352995046414435,
    "stall_time_sec_total": 9.622695904341526,
    "write_time_sec_total": 1.8977469940437004
  },
  "final_step": 1600,
  "goodput_steps_per_sec": 8.745057004480772,
  "replayed_steps": 0,
  "restarts": 2,
  "run_id": "exp4_matrix_20260216_221349_cifar100_resnet50_fbase_k50_m4_s4242_failure_overlapped",
  "supervisor": {
    "attempts": 3,
    "duration_sec": 195.68108201026917,
    "restarts": 2,
    "restarts_without_checkpoint_streak": 0,
    "restarts_without_checkpoint_total": 0,
    "status": "completed",
    "target_steps": 1600,
    "time": 1771363174.9056273
  },
  "useful_steps": 1600,
  "wall_clock_time_sec": 182.96049976348877
}