{
  "correctness": {
    "all_passed": true,
    "pass_rate": 1.0
  },
  "goodput_steps_per_sec": {
    "ci95": 0.8690502891401961,
    "mean": 12.646388475870133,
    "n": 3,
    "std": 0.767979211797573
  },
  "label": "exp4_matrix_20260216_221349_cifar10_resnet18_flate_k50_m4_failure_overlapped",
  "num_runs": 3,
  "replayed_steps": {
    "ci95": 0.0,
    "mean": 0.0,
    "n": 3,
    "std": 0.0
  },
  "restarts": {
    "ci95": 0.0,
    "mean": 2.0,
    "n": 3,
    "std": 0.0
  },
  "run_ids": [
    "exp4_matrix_20260216_221349_cifar10_resnet18_flate_k50_m4_s1337_failure_overlapped",
    "exp4_matrix_20260216_221349_cifar10_resnet18_flate_k50_m4_s2027_failure_overlapped",
    "exp4_matrix_20260216_221349_cifar10_resnet18_flate_k50_m4_s4242_failure_overlapped"
  ],
  "runs": [
    {
      "correctness_passed": true,
      "goodput_steps_per_sec": 13.210409939876754,
      "replayed_steps": 0,
      "restarts": 2,
      "run_id": "exp4_matrix_20260216_221349_cifar10_resnet18_flate_k50_m4_s1337_failure_overlapped",
      "snapshot_time_sec_total": 0.02546488679945469,
      "stall_time_sec_total": 5.940359962056391,
      "wall_clock_time_sec": 121.11660480499268,
      "write_time_sec_total": 0.8786803450202569
    },
    {
      "correctness_passed": true,
      "goodput_steps_per_sec": 12.957000651674218,
      "replayed_steps": 0,
      "restarts": 2,
      "run_id": "exp4_matrix_20260216_221349_cifar10_resnet18_flate_k50_m4_s2027_failure_overlapped",
      "snapshot_time_sec_total": 0.022145412280224264,
      "stall_time_sec_total": 5.740404623909853,
      "wall_clock_time_sec": 123.48536849021912,
      "write_time_sec_total": 0.9359078268753365
    },
    {
      "correctness_passed": true,
      "goodput_steps_per_sec": 11.771754836059428,
      "replayed_steps": 0,
      "restarts": 2,
      "run_id": "exp4_matrix_20260216_221349_cifar10_resnet18_flate_k50_m4_s4242_failure_overlapped",
      "snapshot_time_sec_total": 0.02438783273100853,
      "stall_time_sec_total": 8.309152998030186,
      "wall_clock_time_sec": 135.91856288909912,
      "write_time_sec_total": 0.9218341109808534
    }
  ],
  "snapshot_time_sec_total": {
    "ci95": 0.0019163618742904156,
    "mean": 0.02399937727022916,
    "n": 3,
    "std": 0.001693487822428021
  },
  "stall_time_sec_total": {
    "ci95": 1.6168931397818778,
    "mean": 6.663305861332144,
    "n": 3,
    "std": 1.428847483934581
  },
  "wall_clock_time_sec": {
    "ci95": 8.997200943901111,
    "mean": 126.84017872810364,
    "n": 3,
    "std": 7.950821000379277
  },
  "write_time_sec_total": {
    "ci95": 0.03374421342590529,
    "mean": 0.9121407609588156,
    "n": 3,
    "std": 0.02981974087505909
  }
}