{
  "correctness": {
    "all_passed": true,
    "pass_rate": 1.0
  },
  "goodput_steps_per_sec": {
    "ci95": 0.83518009279848,
    "mean": 14.543241583255133,
    "n": 3,
    "std": 0.7380481398964578
  },
  "label": "exp4_matrix_20260216_221349_cifar10_resnet18_flate_k50_m4_reference",
  "num_runs": 3,
  "replayed_steps": {
    "ci95": 0.0,
    "mean": 0.0,
    "n": 3,
    "std": 0.0
  },
  "restarts": {
    "ci95": 0.0,
    "mean": 0.0,
    "n": 3,
    "std": 0.0
  },
  "run_ids": [
    "exp4_matrix_20260216_221349_cifar10_resnet18_flate_k50_m4_s1337_reference",
    "exp4_matrix_20260216_221349_cifar10_resnet18_flate_k50_m4_s2027_reference",
    "exp4_matrix_20260216_221349_cifar10_resnet18_flate_k50_m4_s4242_reference"
  ],
  "runs": [
    {
      "correctness_passed": true,
      "goodput_steps_per_sec": 15.304895393910227,
      "replayed_steps": 0,
      "restarts": 0,
      "run_id": "exp4_matrix_20260216_221349_cifar10_resnet18_flate_k50_m4_s1337_reference",
      "snapshot_time_sec_total": 0.020832865266129375,
      "stall_time_sec_total": 11.260528670274653,
      "wall_clock_time_sec": 104.54171419143677,
      "write_time_sec_total": 11.176854046992958
    },
    {
      "correctness_passed": true,
      "goodput_steps_per_sec": 14.49351535950428,
      "replayed_steps": 0,
      "restarts": 0,
      "run_id": "exp4_matrix_20260216_221349_cifar10_resnet18_flate_k50_m4_s2027_reference",
      "snapshot_time_sec_total": 0.021107204142026603,
      "stall_time_sec_total": 11.81745265214704,
      "wall_clock_time_sec": 110.39419770240784,
      "write_time_sec_total": 11.735880190157332
    },
    {
      "correctness_passed": true,
      "goodput_steps_per_sec": 13.831313996350891,
      "replayed_steps": 0,
      "restarts": 0,
      "run_id": "exp4_matrix_20260216_221349_cifar10_resnet18_flate_k50_m4_s4242_reference",
      "snapshot_time_sec_total": 0.022286416264250875,
      "stall_time_sec_total": 17.776022415957414,
      "wall_clock_time_sec": 115.67953705787659,
      "write_time_sec_total": 17.656449676142074
    }
  ],
  "snapshot_time_sec_total": {
    "ci95": 0.0008739311510516823,
    "mean": 0.02140882855746895,
    "n": 3,
    "std": 0.0007722924264993188
  },
  "stall_time_sec_total": {
    "ci95": 4.087026307840709,
    "mean": 13.618001246126369,
    "n": 3,
    "std": 3.611702661760585
  },
  "wall_clock_time_sec": {
    "ci95": 6.304539274736932,
    "mean": 110.20514965057373,
    "n": 3,
    "std": 5.571317521509084
  },
  "write_time_sec_total": {
    "ci95": 4.063050867899935,
    "mean": 13.523061304430788,
    "n": 3,
    "std": 3.590515580071178
  }
}