{
  "correctness": {
    "all_passed": true,
    "pass_rate": 1.0
  },
  "goodput_steps_per_sec": {
    "ci95": 0.8048077695245875,
    "mean": 12.347150302578433,
    "n": 3,
    "std": 0.7112081362973309
  },
  "label": "exp4_matrix_20260216_221349_cifar10_resnet18_flate_k50_m4_failure_blocking",
  "num_runs": 3,
  "replayed_steps": {
    "ci95": 0.0,
    "mean": 0.0,
    "n": 3,
    "std": 0.0
  },
  "restarts": {
    "ci95": 0.0,
    "mean": 2.0,
    "n": 3,
    "std": 0.0
  },
  "run_ids": [
    "exp4_matrix_20260216_221349_cifar10_resnet18_flate_k50_m4_s1337_failure_blocking",
    "exp4_matrix_20260216_221349_cifar10_resnet18_flate_k50_m4_s2027_failure_blocking",
    "exp4_matrix_20260216_221349_cifar10_resnet18_flate_k50_m4_s4242_failure_blocking"
  ],
  "runs": [
    {
      "correctness_passed": true,
      "goodput_steps_per_sec": 13.034938653570444,
      "replayed_steps": 0,
      "restarts": 2,
      "run_id": "exp4_matrix_20260216_221349_cifar10_resnet18_flate_k50_m4_s1337_failure_blocking",
      "snapshot_time_sec_total": 0.024656069930642843,
      "stall_time_sec_total": 11.642468529753387,
      "wall_clock_time_sec": 122.74702954292297,
      "write_time_sec_total": 11.555210054852068
    },
    {
      "correctness_passed": true,
      "goodput_steps_per_sec": 12.391878567653333,
      "replayed_steps": 0,
      "restarts": 2,
      "run_id": "exp4_matrix_20260216_221349_cifar10_resnet18_flate_k50_m4_s2027_failure_blocking",
      "snapshot_time_sec_total": 0.02175330906175077,
      "stall_time_sec_total": 11.603353627491742,
      "wall_clock_time_sec": 129.1168236732483,
      "write_time_sec_total": 11.520896380883642
    },
    {
      "correctness_passed": true,
      "goodput_steps_per_sec": 11.614633686511517,
      "replayed_steps": 0,
      "restarts": 2,
      "run_id": "exp4_matrix_20260216_221349_cifar10_resnet18_flate_k50_m4_s4242_failure_blocking",
      "snapshot_time_sec_total": 0.023987546330317855,
      "stall_time_sec_total": 13.630213758093305,
      "wall_clock_time_sec": 137.75725030899048,
      "write_time_sec_total": 13.475941326934844
    }
  ],
  "snapshot_time_sec_total": {
    "ci95": 0.0017201883693450785,
    "mean": 0.023465641774237156,
    "n": 3,
    "std": 0.0015201294154564967
  },
  "stall_time_sec_total": {
    "ci95": 1.3116244774508206,
    "mean": 12.292011971779479,
    "n": 3,
    "std": 1.1590817527529593
  },
  "wall_clock_time_sec": {
    "ci95": 8.525161103216218,
    "mean": 129.87370117505392,
    "n": 3,
    "std": 7.533679680347159
  },
  "write_time_sec_total": {
    "ci95": 1.2662357470532266,
    "mean": 12.184015920890184,
    "n": 3,
    "std": 1.1189717593143478
  }
}