{
  "checkpoint": {
    "backpressure_wait_sec_total": 2.145557664334774e-05,
    "enqueue_latency_sec_total": 6.85592140071094,
    "num_events": 35,
    "snapshot_time_sec_total": 0.03861341276206076,
    "stall_time_sec_total": 9.67032558855135,
    "write_time_sec_total": 1.763982482952997
  },
  "final_step": 1600,
  "goodput_steps_per_sec": 7.897636472535745,
  "replayed_steps": 0,
  "restarts": 2,
  "run_id": "exp4_matrix_20260216_221349_cifar10_resnet50_flate_k50_m4_s1337_failure_overlapped",
  "supervisor": {
    "attempts": 3,
    "duration_sec": 215.9461009502411,
    "restarts": 2,
    "restarts_without_checkpoint_streak": 0,
    "restarts_without_checkpoint_total": 0,
    "status": "completed",
    "target_steps": 1600,
    "time": 1771261143.157701
  },
  "useful_steps": 1600,
  "wall_clock_time_sec": 202.59225726127625
}