{
  "checkpoint": {
    "backpressure_wait_sec_total": 2.2809021174907684e-05,
    "enqueue_latency_sec_total": 3.4642080140765756,
    "num_events": 35,
    "snapshot_time_sec_total": 0.020588745013810694,
    "stall_time_sec_total": 5.101918732980266,
    "write_time_sec_total": 0.8684961340622976
  },
  "final_step": 1600,
  "goodput_steps_per_sec": 12.747096733094018,
  "replayed_steps": 0,
  "restarts": 2,
  "run_id": "exp4_matrix_20260215_151709_cifar100_resnet18_flate_k50_m4_s1337_failure_overlapped",
  "supervisor": {
    "attempts": 3,
    "duration_sec": 136.9161992073059,
    "restarts": 2,
    "restarts_without_checkpoint_streak": 0,
    "restarts_without_checkpoint_total": 0,
    "status": "completed",
    "target_steps": 1600,
    "time": 1771172932.9100566
  },
  "useful_steps": 1600,
  "wall_clock_time_sec": 125.51877760887146
}