{
  "correctness": {
    "all_passed": true,
    "pass_rate": 1.0
  },
  "goodput_steps_per_sec": {
    "ci95": 0.0,
    "mean": 11.728879879215135,
    "n": 1,
    "std": 0.0
  },
  "label": "exp4_matrix_20260215_151709_cifar10_resnet18_fbase_k50_m4_reference",
  "num_runs": 1,
  "replayed_steps": {
    "ci95": 0.0,
    "mean": 45.0,
    "n": 1,
    "std": 0.0
  },
  "restarts": {
    "ci95": 0.0,
    "mean": 1.0,
    "n": 1,
    "std": 0.0
  },
  "run_ids": [
    "exp4_matrix_20260215_151709_cifar10_resnet18_fbase_k50_m4_s1337_reference"
  ],
  "runs": [
    {
      "correctness_passed": true,
      "goodput_steps_per_sec": 11.728879879215135,
      "replayed_steps": 45,
      "restarts": 1,
      "run_id": "exp4_matrix_20260215_151709_cifar10_resnet18_fbase_k50_m4_s1337_reference",
      "snapshot_time_sec_total": 0.019877867307513952,
      "stall_time_sec_total": 11.10018748510629,
      "wall_clock_time_sec": 136.41541361808777,
      "write_time_sec_total": 10.939916244591586
    }
  ],
  "snapshot_time_sec_total": {
    "ci95": 0.0,
    "mean": 0.019877867307513952,
    "n": 1,
    "std": 0.0
  },
  "stall_time_sec_total": {
    "ci95": 0.0,
    "mean": 11.10018748510629,
    "n": 1,
    "std": 0.0
  },
  "wall_clock_time_sec": {
    "ci95": 0.0,
    "mean": 136.41541361808777,
    "n": 1,
    "std": 0.0
  },
  "write_time_sec_total": {
    "ci95": 0.0,
    "mean": 10.939916244591586,
    "n": 1,
    "std": 0.0
  }
}