{
  "correctness": {
    "all_passed": true,
    "pass_rate": 1.0
  },
  "goodput_steps_per_sec": {
    "ci95": 0.0,
    "mean": 11.572050892358263,
    "n": 1,
    "std": 0.0
  },
  "label": "exp4_matrix_20260215_151709_cifar10_resnet18_fbase_k50_m4_failure_overlapped",
  "num_runs": 1,
  "replayed_steps": {
    "ci95": 0.0,
    "mean": 0.0,
    "n": 1,
    "std": 0.0
  },
  "restarts": {
    "ci95": 0.0,
    "mean": 2.0,
    "n": 1,
    "std": 0.0
  },
  "run_ids": [
    "exp4_matrix_20260215_151709_cifar10_resnet18_fbase_k50_m4_s1337_failure_overlapped"
  ],
  "runs": [
    {
      "correctness_passed": true,
      "goodput_steps_per_sec": 11.572050892358263,
      "replayed_steps": 0,
      "restarts": 2,
      "run_id": "exp4_matrix_20260215_151709_cifar10_resnet18_fbase_k50_m4_s1337_failure_overlapped",
      "snapshot_time_sec_total": 0.024624967365525663,
      "stall_time_sec_total": 6.127344891778193,
      "wall_clock_time_sec": 138.26416897773743,
      "write_time_sec_total": 0.8727009900612757
    }
  ],
  "snapshot_time_sec_total": {
    "ci95": 0.0,
    "mean": 0.024624967365525663,
    "n": 1,
    "std": 0.0
  },
  "stall_time_sec_total": {
    "ci95": 0.0,
    "mean": 6.127344891778193,
    "n": 1,
    "std": 0.0
  },
  "wall_clock_time_sec": {
    "ci95": 0.0,
    "mean": 138.26416897773743,
    "n": 1,
    "std": 0.0
  },
  "write_time_sec_total": {
    "ci95": 0.0,
    "mean": 0.8727009900612757,
    "n": 1,
    "std": 0.0
  }
}