{
  "checkpoint": {
    "backpressure_wait_sec_total": 2.2803666070103645e-05,
    "enqueue_latency_sec_total": 4.320537516032346,
    "num_events": 35,
    "snapshot_time_sec_total": 0.025150052970275283,
    "stall_time_sec_total": 5.893739708117209,
    "write_time_sec_total": 0.8958153709536418
  },
  "final_step": 1600,
  "goodput_steps_per_sec": 13.300785740520363,
  "replayed_steps": 0,
  "restarts": 2,
  "run_id": "exp4_matrix_20260216_221349_cifar10_resnet18_fbase_k50_m4_s2027_failure_overlapped",
  "supervisor": {
    "attempts": 3,
    "duration_sec": 131.44955730438232,
    "restarts": 2,
    "restarts_without_checkpoint_streak": 0,
    "restarts_without_checkpoint_total": 0,
    "status": "completed",
    "target_steps": 1600,
    "time": 1771252139.466176
  },
  "useful_steps": 1600,
  "wall_clock_time_sec": 120.29364514350891
}