{
  "checkpoint": {
    "backpressure_wait_sec_total": 2.168724313378334e-05,
    "enqueue_latency_sec_total": 7.331860403879546,
    "num_events": 35,
    "snapshot_time_sec_total": 0.041359473834745586,
    "stall_time_sec_total": 10.272810388822109,
    "write_time_sec_total": 1.8294380150036886
  },
  "final_step": 1600,
  "goodput_steps_per_sec": 7.86374349237699,
  "replayed_steps": 0,
  "restarts": 2,
  "run_id": "exp4_matrix_20260215_151709_cifar100_resnet50_fbase_k50_m4_s1337_failure_overlapped",
  "supervisor": {
    "attempts": 3,
    "duration_sec": 217.58581590652466,
    "restarts": 2,
    "restarts_without_checkpoint_streak": 0,
    "restarts_without_checkpoint_total": 0,
    "status": "completed",
    "target_steps": 1600,
    "time": 1771173642.45641
  },
  "useful_steps": 1600,
  "wall_clock_time_sec": 203.46543622016907
}