{
  "correctness": {
    "all_passed": true,
    "pass_rate": 1.0
  },
  "goodput_steps_per_sec": {
    "ci95": 0.0,
    "mean": 12.578950251756366,
    "n": 1,
    "std": 0.0
  },
  "label": "exp4_matrix_20260215_151709_cifar100_resnet18_fbase_k50_m4_failure_blocking",
  "num_runs": 1,
  "replayed_steps": {
    "ci95": 0.0,
    "mean": 0.0,
    "n": 1,
    "std": 0.0
  },
  "restarts": {
    "ci95": 0.0,
    "mean": 2.0,
    "n": 1,
    "std": 0.0
  },
  "run_ids": [
    "exp4_matrix_20260215_151709_cifar100_resnet18_fbase_k50_m4_s1337_failure_blocking"
  ],
  "runs": [
    {
      "correctness_passed": true,
      "goodput_steps_per_sec": 12.578950251756366,
      "replayed_steps": 0,
      "restarts": 2,
      "run_id": "exp4_matrix_20260215_151709_cifar100_resnet18_fbase_k50_m4_s1337_failure_blocking",
      "snapshot_time_sec_total": 0.021742502227425575,
      "stall_time_sec_total": 11.175025002332404,
      "wall_clock_time_sec": 127.19662356376648,
      "write_time_sec_total": 10.986805811990052
    }
  ],
  "snapshot_time_sec_total": {
    "ci95": 0.0,
    "mean": 0.021742502227425575,
    "n": 1,
    "std": 0.0
  },
  "stall_time_sec_total": {
    "ci95": 0.0,
    "mean": 11.175025002332404,
    "n": 1,
    "std": 0.0
  },
  "wall_clock_time_sec": {
    "ci95": 0.0,
    "mean": 127.19662356376648,
    "n": 1,
    "std": 0.0
  },
  "write_time_sec_total": {
    "ci95": 0.0,
    "mean": 10.986805811990052,
    "n": 1,
    "std": 0.0
  }
}