{
  "correctness": {
    "all_passed": true,
    "pass_rate": 1.0
  },
  "goodput_steps_per_sec": {
    "ci95": 0.0,
    "mean": 12.744267989461658,
    "n": 1,
    "std": 0.0
  },
  "label": "exp4_matrix_20260215_151709_cifar100_resnet18_fbase_k50_m4_failure_overlapped",
  "num_runs": 1,
  "replayed_steps": {
    "ci95": 0.0,
    "mean": 0.0,
    "n": 1,
    "std": 0.0
  },
  "restarts": {
    "ci95": 0.0,
    "mean": 2.0,
    "n": 1,
    "std": 0.0
  },
  "run_ids": [
    "exp4_matrix_20260215_151709_cifar100_resnet18_fbase_k50_m4_s1337_failure_overlapped"
  ],
  "runs": [
    {
      "correctness_passed": true,
      "goodput_steps_per_sec": 12.744267989461658,
      "replayed_steps": 0,
      "restarts": 2,
      "run_id": "exp4_matrix_20260215_151709_cifar100_resnet18_fbase_k50_m4_s1337_failure_overlapped",
      "snapshot_time_sec_total": 0.021735243848524988,
      "stall_time_sec_total": 5.195642350940034,
      "wall_clock_time_sec": 125.54663801193237,
      "write_time_sec_total": 0.9362256788881496
    }
  ],
  "snapshot_time_sec_total": {
    "ci95": 0.0,
    "mean": 0.021735243848524988,
    "n": 1,
    "std": 0.0
  },
  "stall_time_sec_total": {
    "ci95": 0.0,
    "mean": 5.195642350940034,
    "n": 1,
    "std": 0.0
  },
  "wall_clock_time_sec": {
    "ci95": 0.0,
    "mean": 125.54663801193237,
    "n": 1,
    "std": 0.0
  },
  "write_time_sec_total": {
    "ci95": 0.0,
    "mean": 0.9362256788881496,
    "n": 1,
    "std": 0.0
  }
}