{
  "correctness": {
    "all_passed": true,
    "pass_rate": 1.0
  },
  "goodput_steps_per_sec": {
    "ci95": 0.0,
    "mean": 14.976953368175094,
    "n": 1,
    "std": 0.0
  },
  "label": "exp4_matrix_20260215_151709_cifar100_resnet18_fbase_k50_m4_reference",
  "num_runs": 1,
  "replayed_steps": {
    "ci95": 0.0,
    "mean": 0.0,
    "n": 1,
    "std": 0.0
  },
  "restarts": {
    "ci95": 0.0,
    "mean": 0.0,
    "n": 1,
    "std": 0.0
  },
  "run_ids": [
    "exp4_matrix_20260215_151709_cifar100_resnet18_fbase_k50_m4_s1337_reference"
  ],
  "runs": [
    {
      "correctness_passed": true,
      "goodput_steps_per_sec": 14.976953368175094,
      "replayed_steps": 0,
      "restarts": 0,
      "run_id": "exp4_matrix_20260215_151709_cifar100_resnet18_fbase_k50_m4_s1337_reference",
      "snapshot_time_sec_total": 0.021255311323329806,
      "stall_time_sec_total": 11.135261150775477,
      "wall_clock_time_sec": 106.830806016922,
      "write_time_sec_total": 10.96902884717565
    }
  ],
  "snapshot_time_sec_total": {
    "ci95": 0.0,
    "mean": 0.021255311323329806,
    "n": 1,
    "std": 0.0
  },
  "stall_time_sec_total": {
    "ci95": 0.0,
    "mean": 11.135261150775477,
    "n": 1,
    "std": 0.0
  },
  "wall_clock_time_sec": {
    "ci95": 0.0,
    "mean": 106.830806016922,
    "n": 1,
    "std": 0.0
  },
  "write_time_sec_total": {
    "ci95": 0.0,
    "mean": 10.96902884717565,
    "n": 1,
    "std": 0.0
  }
}