{
  "correctness": {
    "all_passed": true,
    "pass_rate": 1.0
  },
  "goodput_steps_per_sec": {
    "ci95": 0.0,
    "mean": 7.298839774039105,
    "n": 1,
    "std": 0.0
  },
  "label": "exp4_matrix_20260215_151709_cifar100_resnet50_flate_k50_m4_failure_blocking",
  "num_runs": 1,
  "replayed_steps": {
    "ci95": 0.0,
    "mean": 0.0,
    "n": 1,
    "std": 0.0
  },
  "restarts": {
    "ci95": 0.0,
    "mean": 2.0,
    "n": 1,
    "std": 0.0
  },
  "run_ids": [
    "exp4_matrix_20260215_151709_cifar100_resnet50_flate_k50_m4_s1337_failure_blocking"
  ],
  "runs": [
    {
      "correctness_passed": true,
      "goodput_steps_per_sec": 7.298839774039105,
      "replayed_steps": 0,
      "restarts": 2,
      "run_id": "exp4_matrix_20260215_151709_cifar100_resnet50_flate_k50_m4_s1337_failure_blocking",
      "snapshot_time_sec_total": 0.04705503291916102,
      "stall_time_sec_total": 26.61259754584171,
      "wall_clock_time_sec": 219.21292281150818,
      "write_time_sec_total": 26.418517264770344
    }
  ],
  "snapshot_time_sec_total": {
    "ci95": 0.0,
    "mean": 0.04705503291916102,
    "n": 1,
    "std": 0.0
  },
  "stall_time_sec_total": {
    "ci95": 0.0,
    "mean": 26.61259754584171,
    "n": 1,
    "std": 0.0
  },
  "wall_clock_time_sec": {
    "ci95": 0.0,
    "mean": 219.21292281150818,
    "n": 1,
    "std": 0.0
  },
  "write_time_sec_total": {
    "ci95": 0.0,
    "mean": 26.418517264770344,
    "n": 1,
    "std": 0.0
  }
}