{
  "correctness": {
    "all_passed": true,
    "pass_rate": 1.0
  },
  "goodput_steps_per_sec": {
    "ci95": 0.0,
    "mean": 7.317885699560279,
    "n": 1,
    "std": 0.0
  },
  "label": "exp4_matrix_20260215_151709_cifar100_resnet50_flate_k50_m4_failure_overlapped",
  "num_runs": 1,
  "replayed_steps": {
    "ci95": 0.0,
    "mean": 0.0,
    "n": 1,
    "std": 0.0
  },
  "restarts": {
    "ci95": 0.0,
    "mean": 2.0,
    "n": 1,
    "std": 0.0
  },
  "run_ids": [
    "exp4_matrix_20260215_151709_cifar100_resnet50_flate_k50_m4_s1337_failure_overlapped"
  ],
  "runs": [
    {
      "correctness_passed": true,
      "goodput_steps_per_sec": 7.317885699560279,
      "replayed_steps": 0,
      "restarts": 2,
      "run_id": "exp4_matrix_20260215_151709_cifar100_resnet50_flate_k50_m4_s1337_failure_overlapped",
      "snapshot_time_sec_total": 0.05385696003213525,
      "stall_time_sec_total": 10.484207525965758,
      "wall_clock_time_sec": 218.64238739013672,
      "write_time_sec_total": 1.9257087531732395
    }
  ],
  "snapshot_time_sec_total": {
    "ci95": 0.0,
    "mean": 0.05385696003213525,
    "n": 1,
    "std": 0.0
  },
  "stall_time_sec_total": {
    "ci95": 0.0,
    "mean": 10.484207525965758,
    "n": 1,
    "std": 0.0
  },
  "wall_clock_time_sec": {
    "ci95": 0.0,
    "mean": 218.64238739013672,
    "n": 1,
    "std": 0.0
  },
  "write_time_sec_total": {
    "ci95": 0.0,
    "mean": 1.9257087531732395,
    "n": 1,
    "std": 0.0
  }
}