{
  "correctness": {
    "all_passed": true,
    "pass_rate": 1.0
  },
  "goodput_steps_per_sec": {
    "ci95": 0.03156679483476238,
    "mean": 11.823857838173454,
    "n": 3,
    "std": 0.027895557390771045
  },
  "label": "exp4_matrix_20260216_221349_cifar100_resnet18_fbase_k50_m4_failure_blocking",
  "num_runs": 3,
  "replayed_steps": {
    "ci95": 0.0,
    "mean": 0.0,
    "n": 3,
    "std": 0.0
  },
  "restarts": {
    "ci95": 0.0,
    "mean": 2.0,
    "n": 3,
    "std": 0.0
  },
  "run_ids": [
    "exp4_matrix_20260216_221349_cifar100_resnet18_fbase_k50_m4_s1337_failure_blocking",
    "exp4_matrix_20260216_221349_cifar100_resnet18_fbase_k50_m4_s2027_failure_blocking",
    "exp4_matrix_20260216_221349_cifar100_resnet18_fbase_k50_m4_s4242_failure_blocking"
  ],
  "runs": [
    {
      "correctness_passed": true,
      "goodput_steps_per_sec": 11.825940739685377,
      "replayed_steps": 0,
      "restarts": 2,
      "run_id": "exp4_matrix_20260216_221349_cifar100_resnet18_fbase_k50_m4_s1337_failure_blocking",
      "snapshot_time_sec_total": 0.023316763807088137,
      "stall_time_sec_total": 13.100480759283528,
      "wall_clock_time_sec": 135.29579043388367,
      "write_time_sec_total": 12.945834941230714
    },
    {
      "correctness_passed": true,
      "goodput_steps_per_sec": 11.79497921329528,
      "replayed_steps": 0,
      "restarts": 2,
      "run_id": "exp4_matrix_20260216_221349_cifar100_resnet18_fbase_k50_m4_s2027_failure_blocking",
      "snapshot_time_sec_total": 0.025003181770443916,
      "stall_time_sec_total": 12.038322898675688,
      "wall_clock_time_sec": 135.65093851089478,
      "write_time_sec_total": 11.889438743586652
    },
    {
      "correctness_passed": true,
      "goodput_steps_per_sec": 11.85065356153971,
      "replayed_steps": 0,
      "restarts": 2,
      "run_id": "exp4_matrix_20260216_221349_cifar100_resnet18_fbase_k50_m4_s4242_failure_blocking",
      "snapshot_time_sec_total": 0.024643151904456317,
      "stall_time_sec_total": 12.468792516621761,
      "wall_clock_time_sec": 135.01365065574646,
      "write_time_sec_total": 12.316513253725134
    }
  ],
  "snapshot_time_sec_total": {
    "ci95": 0.0010050437593449187,
    "mean": 0.024321032493996125,
    "n": 3,
    "std": 0.0008881565586813403
  },
  "stall_time_sec_total": {
    "ci95": 0.6045563876232922,
    "mean": 12.535865391526992,
    "n": 3,
    "std": 0.534246111940738
  },
  "wall_clock_time_sec": {
    "ci95": 0.36136740798952705,
    "mean": 135.3201265335083,
    "n": 3,
    "std": 0.31934015859047565
  },
  "write_time_sec_total": {
    "ci95": 0.6013526716241657,
    "mean": 12.383928979514167,
    "n": 3,
    "std": 0.531414990061397
  }
}