{
  "correctness": {
    "all_passed": true,
    "pass_rate": 1.0
  },
  "goodput_steps_per_sec": {
    "ci95": 0.018666874970892814,
    "mean": 8.41238680573659,
    "n": 3,
    "std": 0.016495906055164367
  },
  "label": "exp4_matrix_20260216_221349_cifar10_resnet50_flate_k50_m4_reference",
  "num_runs": 3,
  "replayed_steps": {
    "ci95": 0.0,
    "mean": 0.0,
    "n": 3,
    "std": 0.0
  },
  "restarts": {
    "ci95": 0.0,
    "mean": 0.0,
    "n": 3,
    "std": 0.0
  },
  "run_ids": [
    "exp4_matrix_20260216_221349_cifar10_resnet50_flate_k50_m4_s1337_reference",
    "exp4_matrix_20260216_221349_cifar10_resnet50_flate_k50_m4_s2027_reference",
    "exp4_matrix_20260216_221349_cifar10_resnet50_flate_k50_m4_s4242_reference"
  ],
  "runs": [
    {
      "correctness_passed": true,
      "goodput_steps_per_sec": 8.41042224885622,
      "replayed_steps": 0,
      "restarts": 0,
      "run_id": "exp4_matrix_20260216_221349_cifar10_resnet50_flate_k50_m4_s1337_reference",
      "snapshot_time_sec_total": 0.04059781541582197,
      "stall_time_sec_total": 25.27779167809058,
      "wall_clock_time_sec": 190.2401511669159,
      "write_time_sec_total": 25.08193872089032
    },
    {
      "correctness_passed": true,
      "goodput_steps_per_sec": 8.42977701834835,
      "replayed_steps": 0,
      "restarts": 0,
      "run_id": "exp4_matrix_20260216_221349_cifar10_resnet50_flate_k50_m4_s2027_reference",
      "snapshot_time_sec_total": 0.03719725424889475,
      "stall_time_sec_total": 24.516787216765806,
      "wall_clock_time_sec": 189.80335974693298,
      "write_time_sec_total": 24.33447806572076
    },
    {
      "correctness_passed": true,
      "goodput_steps_per_sec": 8.396961150005206,
      "replayed_steps": 0,
      "restarts": 0,
      "run_id": "exp4_matrix_20260216_221349_cifar10_resnet50_flate_k50_m4_s4242_reference",
      "snapshot_time_sec_total": 0.04235590575262904,
      "stall_time_sec_total": 25.570911170332693,
      "wall_clock_time_sec": 190.54512357711792,
      "write_time_sec_total": 25.371748643927276
    }
  ],
  "snapshot_time_sec_total": {
    "ci95": 0.0029676865079976546,
    "mean": 0.04005032513911525,
    "n": 3,
    "std": 0.002622542761626836
  },
  "stall_time_sec_total": {
    "ci95": 0.6156993603612502,
    "mean": 25.121830021729693,
    "n": 3,
    "std": 0.5440931501700738
  },
  "wall_clock_time_sec": {
    "ci95": 0.42189565821969877,
    "mean": 190.19621149698892,
    "n": 3,
    "std": 0.37282893649450627
  },
  "write_time_sec_total": {
    "ci95": 0.6056328596183678,
    "mean": 24.929388476846118,
    "n": 3,
    "std": 0.5351973895878788
  }
}