{
  "correctness": {
    "all_passed": true,
    "pass_rate": 1.0
  },
  "goodput_steps_per_sec": {
    "ci95": 0.023985525407693106,
    "mean": 7.535989415547486,
    "n": 3,
    "std": 0.021195994210387075
  },
  "label": "exp4_matrix_20260216_221349_cifar10_resnet50_flate_k50_m4_failure_blocking",
  "num_runs": 3,
  "replayed_steps": {
    "ci95": 0.0,
    "mean": 0.0,
    "n": 3,
    "std": 0.0
  },
  "restarts": {
    "ci95": 0.0,
    "mean": 2.0,
    "n": 3,
    "std": 0.0
  },
  "run_ids": [
    "exp4_matrix_20260216_221349_cifar10_resnet50_flate_k50_m4_s1337_failure_blocking",
    "exp4_matrix_20260216_221349_cifar10_resnet50_flate_k50_m4_s2027_failure_blocking",
    "exp4_matrix_20260216_221349_cifar10_resnet50_flate_k50_m4_s4242_failure_blocking"
  ],
  "runs": [
    {
      "correctness_passed": true,
      "goodput_steps_per_sec": 7.516643315600337,
      "replayed_steps": 0,
      "restarts": 2,
      "run_id": "exp4_matrix_20260216_221349_cifar10_resnet50_flate_k50_m4_s1337_failure_blocking",
      "snapshot_time_sec_total": 0.04854235239326954,
      "stall_time_sec_total": 26.769303357461467,
      "wall_clock_time_sec": 212.86097168922424,
      "write_time_sec_total": 26.543051770422608
    },
    {
      "correctness_passed": true,
      "goodput_steps_per_sec": 7.532679149950953,
      "replayed_steps": 0,
      "restarts": 2,
      "run_id": "exp4_matrix_20260216_221349_cifar10_resnet50_flate_k50_m4_s2027_failure_blocking",
      "snapshot_time_sec_total": 0.0437111189821735,
      "stall_time_sec_total": 24.850533412885852,
      "wall_clock_time_sec": 212.40782570838928,
      "write_time_sec_total": 24.650224736891687
    },
    {
      "correctness_passed": true,
      "goodput_steps_per_sec": 7.558645781091166,
      "replayed_steps": 0,
      "restarts": 2,
      "run_id": "exp4_matrix_20260216_221349_cifar10_resnet50_flate_k50_m4_s4242_failure_blocking",
      "snapshot_time_sec_total": 0.03933458204846829,
      "stall_time_sec_total": 24.95745342434384,
      "wall_clock_time_sec": 211.67812943458557,
      "write_time_sec_total": 24.76487091218587
    }
  ],
  "snapshot_time_sec_total": {
    "ci95": 0.005211903483303102,
    "mean": 0.04386268447463711,
    "n": 3,
    "std": 0.004605755937360297
  },
  "stall_time_sec_total": {
    "ci95": 1.2201697629150818,
    "mean": 25.525763398230385,
    "n": 3,
    "std": 1.0782632771572411
  },
  "wall_clock_time_sec": {
    "ci95": 0.6753257563821043,
    "mean": 212.3156422773997,
    "n": 3,
    "std": 0.5967849600580034
  },
  "write_time_sec_total": {
    "ci95": 1.200949035041426,
    "mean": 25.319382473166723,
    "n": 3,
    "std": 1.06127793162886
  }
}