{
  "checkpoint": {
    "backpressure_wait_sec_total": 2.116698306053877e-05,
    "enqueue_latency_sec_total": 3.4778067322913557,
    "num_events": 35,
    "snapshot_time_sec_total": 0.022668897872790694,
    "stall_time_sec_total": 5.007599964970723,
    "write_time_sec_total": 0.8999858919996768
  },
  "final_step": 1600,
  "goodput_steps_per_sec": 13.890630531003355,
  "replayed_steps": 0,
  "restarts": 2,
  "run_id": "exp4_matrix_20260216_221349_cifar100_resnet18_flate_k50_m4_s1337_failure_overlapped",
  "supervisor": {
    "attempts": 3,
    "duration_sec": 126.22640681266785,
    "restarts": 2,
    "restarts_without_checkpoint_streak": 0,
    "restarts_without_checkpoint_total": 0,
    "status": "completed",
    "target_steps": 1600,
    "time": 1771360359.7740698
  },
  "useful_steps": 1600,
  "wall_clock_time_sec": 115.185555934906
}