{
  "checkpoint": {
    "backpressure_wait_sec_total": 2.1984102204442024e-05,
    "enqueue_latency_sec_total": 7.084767219959758,
    "num_events": 35,
    "snapshot_time_sec_total": 0.04814912716392428,
    "stall_time_sec_total": 9.943844342138618,
    "write_time_sec_total": 1.96620356105268
  },
  "final_step": 1600,
  "goodput_steps_per_sec": 8.731233237522723,
  "replayed_steps": 0,
  "restarts": 2,
  "run_id": "exp4_matrix_20260216_221349_cifar100_resnet50_flate_k50_m4_s2027_failure_overlapped",
  "supervisor": {
    "attempts": 3,
    "duration_sec": 195.93080282211304,
    "restarts": 2,
    "restarts_without_checkpoint_streak": 0,
    "restarts_without_checkpoint_total": 0,
    "status": "completed",
    "target_steps": 1600,
    "time": 1771364480.7462075
  },
  "useful_steps": 1600,
  "wall_clock_time_sec": 183.25017285346985
}