{
  "checkpoint": {
    "backpressure_wait_sec_total": 2.234126441180706e-05,
    "enqueue_latency_sec_total": 3.524977278895676,
    "num_events": 35,
    "snapshot_time_sec_total": 0.021735243848524988,
    "stall_time_sec_total": 5.195642350940034,
    "write_time_sec_total": 0.9362256788881496
  },
  "final_step": 1600,
  "goodput_steps_per_sec": 12.744267989461658,
  "replayed_steps": 0,
  "restarts": 2,
  "run_id": "exp4_matrix_20260215_151709_cifar100_resnet18_fbase_k50_m4_s1337_failure_overlapped",
  "supervisor": {
    "attempts": 3,
    "duration_sec": 137.49490022659302,
    "restarts": 2,
    "restarts_without_checkpoint_streak": 0,
    "restarts_without_checkpoint_total": 0,
    "status": "completed",
    "target_steps": 1600,
    "time": 1771172462.7294548
  },
  "useful_steps": 1600,
  "wall_clock_time_sec": 125.54663801193237
}