{
  "checkpoint": {
    "backpressure_wait_sec_total": 2.298003528267145e-05,
    "enqueue_latency_sec_total": 7.786276456899941,
    "num_events": 35,
    "snapshot_time_sec_total": 0.04707301640883088,
    "stall_time_sec_total": 10.335571618867107,
    "write_time_sec_total": 1.7456722590140998
  },
  "final_step": 1600,
  "goodput_steps_per_sec": 7.824862869172299,
  "replayed_steps": 0,
  "restarts": 2,
  "run_id": "exp4_matrix_20260216_221349_cifar10_resnet50_fbase_k50_m4_s4242_failure_overlapped",
  "supervisor": {
    "attempts": 3,
    "duration_sec": 218.11347103118896,
    "restarts": 2,
    "restarts_without_checkpoint_streak": 0,
    "restarts_without_checkpoint_total": 0,
    "status": "completed",
    "target_steps": 1600,
    "time": 1771260413.7807162
  },
  "useful_steps": 1600,
  "wall_clock_time_sec": 204.4764268398285
}