{
  "checkpoint": {
    "backpressure_wait_sec_total": 2.1139043383300304e-05,
    "enqueue_latency_sec_total": 8.565752438968047,
    "num_events": 35,
    "snapshot_time_sec_total": 0.044290433754213154,
    "stall_time_sec_total": 10.761330199777149,
    "write_time_sec_total": 1.7322818811517209
  },
  "final_step": 1600,
  "goodput_steps_per_sec": 7.7420288240093145,
  "replayed_steps": 0,
  "restarts": 2,
  "run_id": "exp4_matrix_20260216_221349_cifar10_resnet50_fbase_k50_m4_s1337_failure_overlapped",
  "supervisor": {
    "attempts": 3,
    "duration_sec": 219.44348764419556,
    "restarts": 2,
    "restarts_without_checkpoint_streak": 0,
    "restarts_without_checkpoint_total": 0,
    "status": "completed",
    "target_steps": 1600,
    "time": 1771258972.3369195
  },
  "useful_steps": 1600,
  "wall_clock_time_sec": 206.66417503356934
}