{
  "checkpoint": {
    "backpressure_wait_sec_total": 2.026534639298916e-05,
    "enqueue_latency_sec_total": 7.089827980962582,
    "num_events": 35,
    "snapshot_time_sec_total": 0.03886202012654394,
    "stall_time_sec_total": 10.1076445375802,
    "write_time_sec_total": 1.9490958609385416
  },
  "final_step": 1600,
  "goodput_steps_per_sec": 6.802992468790563,
  "replayed_steps": 0,
  "restarts": 2,
  "run_id": "exp4_matrix_20260215_151709_cifar10_resnet50_flate_k50_m4_s1337_failure_overlapped",
  "supervisor": {
    "attempts": 3,
    "duration_sec": 248.93569254875183,
    "restarts": 2,
    "restarts_without_checkpoint_streak": 0,
    "restarts_without_checkpoint_total": 0,
    "status": "completed",
    "target_steps": 1600,
    "time": 1771142380.6545959
  },
  "useful_steps": 1600,
  "wall_clock_time_sec": 235.19061756134033
}