{
  "correctness": {
    "all_passed": true,
    "pass_rate": 1.0
  },
  "goodput_steps_per_sec": {
    "ci95": 0.11737204600205645,
    "mean": 13.893357438271567,
    "n": 3,
    "std": 0.1037216056448333
  },
  "label": "exp4_matrix_20260216_221349_cifar100_resnet18_flate_k50_m4_failure_overlapped",
  "num_runs": 3,
  "replayed_steps": {
    "ci95": 0.0,
    "mean": 0.0,
    "n": 3,
    "std": 0.0
  },
  "restarts": {
    "ci95": 0.0,
    "mean": 2.0,
    "n": 3,
    "std": 0.0
  },
  "run_ids": [
    "exp4_matrix_20260216_221349_cifar100_resnet18_flate_k50_m4_s1337_failure_overlapped",
    "exp4_matrix_20260216_221349_cifar100_resnet18_flate_k50_m4_s2027_failure_overlapped",
    "exp4_matrix_20260216_221349_cifar100_resnet18_flate_k50_m4_s4242_failure_overlapped"
  ],
  "runs": [
    {
      "correctness_passed": true,
      "goodput_steps_per_sec": 13.890630531003355,
      "replayed_steps": 0,
      "restarts": 2,
      "run_id": "exp4_matrix_20260216_221349_cifar100_resnet18_flate_k50_m4_s1337_failure_overlapped",
      "snapshot_time_sec_total": 0.022668897872790694,
      "stall_time_sec_total": 5.007599964970723,
      "wall_clock_time_sec": 115.185555934906,
      "write_time_sec_total": 0.8999858919996768
    },
    {
      "correctness_passed": true,
      "goodput_steps_per_sec": 13.998415609515131,
      "replayed_steps": 0,
      "restarts": 2,
      "run_id": "exp4_matrix_20260216_221349_cifar100_resnet18_flate_k50_m4_s2027_failure_overlapped",
      "snapshot_time_sec_total": 0.023272038088180125,
      "stall_time_sec_total": 4.921978801256046,
      "wall_clock_time_sec": 114.29864954948425,
      "write_time_sec_total": 0.8787611759034917
    },
    {
      "correctness_passed": true,
      "goodput_steps_per_sec": 13.791026174296215,
      "replayed_steps": 0,
      "restarts": 2,
      "run_id": "exp4_matrix_20260216_221349_cifar100_resnet18_flate_k50_m4_s4242_failure_overlapped",
      "snapshot_time_sec_total": 0.02320008317474276,
      "stall_time_sec_total": 5.0849588417913765,
      "wall_clock_time_sec": 116.01747250556946,
      "write_time_sec_total": 0.9917677129851654
    }
  ],
  "snapshot_time_sec_total": {
    "ci95": 0.0003727761798599453,
    "mean": 0.023047006378571194,
    "n": 3,
    "std": 0.0003294220833514588
  },
  "stall_time_sec_total": {
    "ci95": 0.09225412888860986,
    "mean": 5.004845869339381,
    "n": 3,
    "std": 0.081524917573
  },
  "wall_clock_time_sec": {
    "ci95": 0.9726815247601621,
    "mean": 115.16722599665324,
    "n": 3,
    "std": 0.8595580716674315
  },
  "write_time_sec_total": {
    "ci95": 0.06796687405728197,
    "mean": 0.923504926962778,
    "n": 3,
    "std": 0.06006228525451397
  }
}