{
  "correctness": {
    "all_passed": true,
    "pass_rate": 1.0
  },
  "goodput_steps_per_sec": {
    "ci95": 0.21976989466595462,
    "mean": 16.353030616659463,
    "n": 3,
    "std": 0.19421052221198662
  },
  "label": "exp4_matrix_20260216_221349_cifar100_resnet18_flate_k50_m4_reference",
  "num_runs": 3,
  "replayed_steps": {
    "ci95": 0.0,
    "mean": 0.0,
    "n": 3,
    "std": 0.0
  },
  "restarts": {
    "ci95": 0.0,
    "mean": 0.0,
    "n": 3,
    "std": 0.0
  },
  "run_ids": [
    "exp4_matrix_20260216_221349_cifar100_resnet18_flate_k50_m4_s1337_reference",
    "exp4_matrix_20260216_221349_cifar100_resnet18_flate_k50_m4_s2027_reference",
    "exp4_matrix_20260216_221349_cifar100_resnet18_flate_k50_m4_s4242_reference"
  ],
  "runs": [
    {
      "correctness_passed": true,
      "goodput_steps_per_sec": 16.51578418383933,
      "replayed_steps": 0,
      "restarts": 0,
      "run_id": "exp4_matrix_20260216_221349_cifar100_resnet18_flate_k50_m4_s1337_reference",
      "snapshot_time_sec_total": 0.02648780809249729,
      "stall_time_sec_total": 11.252927842666395,
      "wall_clock_time_sec": 96.8770227432251,
      "write_time_sec_total": 11.192500202683732
    },
    {
      "correctness_passed": true,
      "goodput_steps_per_sec": 16.405262156970117,
      "replayed_steps": 0,
      "restarts": 0,
      "run_id": "exp4_matrix_20260216_221349_cifar100_resnet18_flate_k50_m4_s2027_reference",
      "snapshot_time_sec_total": 0.022590057458728552,
      "stall_time_sec_total": 11.069590437225997,
      "wall_clock_time_sec": 97.52968192100525,
      "write_time_sec_total": 11.013480203226209
    },
    {
      "correctness_passed": true,
      "goodput_steps_per_sec": 16.138045509168943,
      "replayed_steps": 0,
      "restarts": 0,
      "run_id": "exp4_matrix_20260216_221349_cifar100_resnet18_flate_k50_m4_s4242_reference",
      "snapshot_time_sec_total": 0.02038496232125908,
      "stall_time_sec_total": 11.737831628415734,
      "wall_clock_time_sec": 99.14459586143494,
      "write_time_sec_total": 11.6816117571434
    }
  ],
  "snapshot_time_sec_total": {
    "ci95": 0.0034970008002176275,
    "mean": 0.023154275957494974,
    "n": 3,
    "std": 0.0030902974796356898
  },
  "stall_time_sec_total": {
    "ci95": 0.3907158866859735,
    "mean": 11.353449969436042,
    "n": 3,
    "std": 0.34527539135940327
  },
  "wall_clock_time_sec": {
    "ci95": 1.3209455576270348,
    "mean": 97.8504335085551,
    "n": 3,
    "std": 1.1673187856338911
  },
  "write_time_sec_total": {
    "ci95": 0.39136740215698035,
    "mean": 11.295864054351114,
    "n": 3,
    "std": 0.3458511351847609
  }
}