{
  "checkpoint": {
    "backpressure_wait_sec_total": 2.401391975581646e-05,
    "enqueue_latency_sec_total": 6.858370721689425,
    "num_events": 35,
    "snapshot_time_sec_total": 0.041976273991167545,
    "stall_time_sec_total": 9.65306613710709,
    "write_time_sec_total": 1.9177420660853386
  },
  "final_step": 1600,
  "goodput_steps_per_sec": 8.759900785702259,
  "replayed_steps": 0,
  "restarts": 2,
  "run_id": "exp4_matrix_20260216_221349_cifar100_resnet50_fbase_k50_m4_s1337_failure_overlapped",
  "supervisor": {
    "attempts": 3,
    "duration_sec": 195.53410816192627,
    "restarts": 2,
    "restarts_without_checkpoint_streak": 0,
    "restarts_without_checkpoint_total": 0,
    "status": "completed",
    "target_steps": 1600,
    "time": 1771361868.010307
  },
  "useful_steps": 1600,
  "wall_clock_time_sec": 182.650470495224
}