{
  "checkpoint": {
    "backpressure_wait_sec_total": 2.13974853977561e-05,
    "enqueue_latency_sec_total": 3.431265984661877,
    "num_events": 35,
    "snapshot_time_sec_total": 0.023272038088180125,
    "stall_time_sec_total": 4.921978801256046,
    "write_time_sec_total": 0.8787611759034917
  },
  "final_step": 1600,
  "goodput_steps_per_sec": 13.998415609515131,
  "replayed_steps": 0,
  "restarts": 2,
  "run_id": "exp4_matrix_20260216_221349_cifar100_resnet18_flate_k50_m4_s2027_failure_overlapped",
  "supervisor": {
    "attempts": 3,
    "duration_sec": 125.64883351325989,
    "restarts": 2,
    "restarts_without_checkpoint_streak": 0,
    "restarts_without_checkpoint_total": 0,
    "status": "completed",
    "target_steps": 1600,
    "time": 1771360784.3182714
  },
  "useful_steps": 1600,
  "wall_clock_time_sec": 114.29864954948425
}