{
  "checkpoint": {
    "backpressure_wait_sec_total": 2.3078755475580692e-05,
    "enqueue_latency_sec_total": 4.22040522552561,
    "num_events": 35,
    "snapshot_time_sec_total": 0.02127027150709182,
    "stall_time_sec_total": 5.881833159131929,
    "write_time_sec_total": 0.8485498619265854
  },
  "final_step": 1600,
  "goodput_steps_per_sec": 11.240754929753288,
  "replayed_steps": 0,
  "restarts": 2,
  "run_id": "exp4_matrix_20260215_151709_cifar10_resnet18_flate_k50_m4_s1337_failure_overlapped",
  "supervisor": {
    "attempts": 3,
    "duration_sec": 154.54904532432556,
    "restarts": 2,
    "restarts_without_checkpoint_streak": 0,
    "restarts_without_checkpoint_total": 0,
    "status": "completed",
    "target_steps": 1600,
    "time": 1771140795.6964045
  },
  "useful_steps": 1600,
  "wall_clock_time_sec": 142.33919429779053
}