{
  "checkpoint": {
    "backpressure_wait_sec_total": 2.07370612770319e-05,
    "enqueue_latency_sec_total": 7.420407923636958,
    "num_events": 35,
    "snapshot_time_sec_total": 0.04000688891392201,
    "stall_time_sec_total": 9.751690504257567,
    "write_time_sec_total": 1.8187960039358586
  },
  "final_step": 1600,
  "goodput_steps_per_sec": 6.857560673693627,
  "replayed_steps": 0,
  "restarts": 2,
  "run_id": "exp4_matrix_20260215_151709_cifar10_resnet50_fbase_k50_m4_s1337_failure_overlapped",
  "supervisor": {
    "attempts": 3,
    "duration_sec": 246.6973090171814,
    "restarts": 2,
    "restarts_without_checkpoint_streak": 0,
    "restarts_without_checkpoint_total": 0,
    "status": "completed",
    "target_steps": 1600,
    "time": 1771141563.4417284
  },
  "useful_steps": 1600,
  "wall_clock_time_sec": 233.3191168308258
}