{
  "correctness": {
    "all_passed": true,
    "pass_rate": 1.0
  },
  "goodput_steps_per_sec": {
    "ci95": 0.0,
    "mean": 11.214306985472135,
    "n": 1,
    "std": 0.0
  },
  "label": "exp4_matrix_20260215_151709_cifar10_resnet18_flate_k50_m4_failure_blocking",
  "num_runs": 1,
  "replayed_steps": {
    "ci95": 0.0,
    "mean": 0.0,
    "n": 1,
    "std": 0.0
  },
  "restarts": {
    "ci95": 0.0,
    "mean": 2.0,
    "n": 1,
    "std": 0.0
  },
  "run_ids": [
    "exp4_matrix_20260215_151709_cifar10_resnet18_flate_k50_m4_s1337_failure_blocking"
  ],
  "runs": [
    {
      "correctness_passed": true,
      "goodput_steps_per_sec": 11.214306985472135,
      "replayed_steps": 0,
      "restarts": 2,
      "run_id": "exp4_matrix_20260215_151709_cifar10_resnet18_flate_k50_m4_s1337_failure_blocking",
      "snapshot_time_sec_total": 0.020750589901581407,
      "stall_time_sec_total": 10.822092527057976,
      "wall_clock_time_sec": 142.67488861083984,
      "write_time_sec_total": 10.68486475024838
    }
  ],
  "snapshot_time_sec_total": {
    "ci95": 0.0,
    "mean": 0.020750589901581407,
    "n": 1,
    "std": 0.0
  },
  "stall_time_sec_total": {
    "ci95": 0.0,
    "mean": 10.822092527057976,
    "n": 1,
    "std": 0.0
  },
  "wall_clock_time_sec": {
    "ci95": 0.0,
    "mean": 142.67488861083984,
    "n": 1,
    "std": 0.0
  },
  "write_time_sec_total": {
    "ci95": 0.0,
    "mean": 10.68486475024838,
    "n": 1,
    "std": 0.0
  }
}