{
  "checkpoint": {
    "backpressure_wait_sec_total": 2.6474823243916035e-05,
    "enqueue_latency_sec_total": 4.353773107286543,
    "num_events": 35,
    "snapshot_time_sec_total": 0.02546488679945469,
    "stall_time_sec_total": 5.940359962056391,
    "write_time_sec_total": 0.8786803450202569
  },
  "final_step": 1600,
  "goodput_steps_per_sec": 13.210409939876754,
  "replayed_steps": 0,
  "restarts": 2,
  "run_id": "exp4_matrix_20260216_221349_cifar10_resnet18_flate_k50_m4_s1337_failure_overlapped",
  "supervisor": {
    "attempts": 3,
    "duration_sec": 132.32127380371094,
    "restarts": 2,
    "restarts_without_checkpoint_streak": 0,
    "restarts_without_checkpoint_total": 0,
    "status": "completed",
    "target_steps": 1600,
    "time": 1771253053.5639327
  },
  "useful_steps": 1600,
  "wall_clock_time_sec": 121.11660480499268
}