{
  "checkpoint": {
    "backpressure_wait_sec_total": 2.0301551558077335e-05,
    "enqueue_latency_sec_total": 3.594762591877952,
    "num_events": 35,
    "snapshot_time_sec_total": 0.02416604827158153,
    "stall_time_sec_total": 5.208117748843506,
    "write_time_sec_total": 0.9724893050733954
  },
  "final_step": 1600,
  "goodput_steps_per_sec": 12.242165724555777,
  "replayed_steps": 0,
  "restarts": 2,
  "run_id": "exp4_matrix_20260216_221349_cifar100_resnet18_fbase_k50_m4_s1337_failure_overlapped",
  "supervisor": {
    "attempts": 3,
    "duration_sec": 143.01629614830017,
    "restarts": 2,
    "restarts_without_checkpoint_streak": 0,
    "restarts_without_checkpoint_total": 0,
    "status": "completed",
    "target_steps": 1600,
    "time": 1771263065.4420097
  },
  "useful_steps": 1600,
  "wall_clock_time_sec": 130.6958291530609
}