{
  "correctness": {
    "all_passed": true,
    "pass_rate": 1.0
  },
  "goodput_steps_per_sec": {
    "ci95": 0.08827045205463793,
    "mean": 8.3523465871036,
    "n": 3,
    "std": 0.07800454477842117
  },
  "label": "exp4_matrix_20260216_221349_cifar100_resnet50_fbase_k50_m4_failure_blocking",
  "num_runs": 3,
  "replayed_steps": {
    "ci95": 0.0,
    "mean": 0.0,
    "n": 3,
    "std": 0.0
  },
  "restarts": {
    "ci95": 0.0,
    "mean": 2.0,
    "n": 3,
    "std": 0.0
  },
  "run_ids": [
    "exp4_matrix_20260216_221349_cifar100_resnet50_fbase_k50_m4_s1337_failure_blocking",
    "exp4_matrix_20260216_221349_cifar100_resnet50_fbase_k50_m4_s2027_failure_blocking",
    "exp4_matrix_20260216_221349_cifar100_resnet50_fbase_k50_m4_s4242_failure_blocking"
  ],
  "runs": [
    {
      "correctness_passed": true,
      "goodput_steps_per_sec": 8.422987941420738,
      "replayed_steps": 0,
      "restarts": 2,
      "run_id": "exp4_matrix_20260216_221349_cifar100_resnet50_fbase_k50_m4_s1337_failure_blocking",
      "snapshot_time_sec_total": 0.036428569816052914,
      "stall_time_sec_total": 23.38962956413161,
      "wall_clock_time_sec": 189.9563446044922,
      "write_time_sec_total": 23.313070895848796
    },
    {
      "correctness_passed": true,
      "goodput_steps_per_sec": 8.268631093060687,
      "replayed_steps": 0,
      "restarts": 2,
      "run_id": "exp4_matrix_20260216_221349_cifar100_resnet50_fbase_k50_m4_s2027_failure_blocking",
      "snapshot_time_sec_total": 0.040565958130173385,
      "stall_time_sec_total": 25.764275030698627,
      "wall_clock_time_sec": 193.50240468978882,
      "write_time_sec_total": 25.68489343521651
    },
    {
      "correctness_passed": true,
      "goodput_steps_per_sec": 8.365420726829374,
      "replayed_steps": 0,
      "restarts": 2,
      "run_id": "exp4_matrix_20260216_221349_cifar100_resnet50_fbase_k50_m4_s4242_failure_blocking",
      "snapshot_time_sec_total": 0.04061107395682484,
      "stall_time_sec_total": 26.09622903680429,
      "wall_clock_time_sec": 191.26354217529297,
      "write_time_sec_total": 26.011475282139145
    }
  ],
  "snapshot_time_sec_total": {
    "ci95": 0.0027179514097151226,
    "mean": 0.039201867301017046,
    "n": 3,
    "std": 0.002401852007209207
  },
  "stall_time_sec_total": {
    "ci95": 1.6704658415644664,
    "mean": 25.083377877211507,
    "n": 3,
    "std": 1.4761896479071215
  },
  "wall_clock_time_sec": {
    "ci95": 2.02932384922162,
    "mean": 191.57409715652466,
    "n": 3,
    "std": 1.7933122509505557
  },
  "write_time_sec_total": {
    "ci95": 1.6665497400892897,
    "mean": 25.003146537734818,
    "n": 3,
    "std": 1.4727289914159982
  }
}