{
  "correctness": {
    "all_passed": true,
    "pass_rate": 1.0
  },
  "goodput_steps_per_sec": {
    "ci95": 0.09610465281430834,
    "mean": 9.398020160899135,
    "n": 3,
    "std": 0.08492762322354558
  },
  "label": "exp4_matrix_20260216_221349_cifar100_resnet50_fbase_k50_m4_reference",
  "num_runs": 3,
  "replayed_steps": {
    "ci95": 0.0,
    "mean": 0.0,
    "n": 3,
    "std": 0.0
  },
  "restarts": {
    "ci95": 0.0,
    "mean": 0.0,
    "n": 3,
    "std": 0.0
  },
  "run_ids": [
    "exp4_matrix_20260216_221349_cifar100_resnet50_fbase_k50_m4_s1337_reference",
    "exp4_matrix_20260216_221349_cifar100_resnet50_fbase_k50_m4_s2027_reference",
    "exp4_matrix_20260216_221349_cifar100_resnet50_fbase_k50_m4_s4242_reference"
  ],
  "runs": [
    {
      "correctness_passed": true,
      "goodput_steps_per_sec": 9.493252992977615,
      "replayed_steps": 0,
      "restarts": 0,
      "run_id": "exp4_matrix_20260216_221349_cifar100_resnet50_fbase_k50_m4_s1337_reference",
      "snapshot_time_sec_total": 0.03779143386054784,
      "stall_time_sec_total": 23.693319144425914,
      "wall_clock_time_sec": 168.5407521724701,
      "write_time_sec_total": 23.61798151722178
    },
    {
      "correctness_passed": true,
      "goodput_steps_per_sec": 9.33013722179513,
      "replayed_steps": 0,
      "restarts": 0,
      "run_id": "exp4_matrix_20260216_221349_cifar100_resnet50_fbase_k50_m4_s2027_reference",
      "snapshot_time_sec_total": 0.03559177916031331,
      "stall_time_sec_total": 23.779598691500723,
      "wall_clock_time_sec": 171.487295627594,
      "write_time_sec_total": 23.705698858830146
    },
    {
      "correctness_passed": true,
      "goodput_steps_per_sec": 9.370670267924663,
      "replayed_steps": 0,
      "restarts": 0,
      "run_id": "exp4_matrix_20260216_221349_cifar100_resnet50_fbase_k50_m4_s4242_reference",
      "snapshot_time_sec_total": 0.03853104647714645,
      "stall_time_sec_total": 24.631963331834413,
      "wall_clock_time_sec": 170.7455234527588,
      "write_time_sec_total": 24.55586072523147
    }
  ],
  "snapshot_time_sec_total": {
    "ci95": 0.0017300878528357581,
    "mean": 0.037304753166002534,
    "n": 3,
    "std": 0.0015288775829945306
  },
  "stall_time_sec_total": {
    "ci95": 0.5870959902350095,
    "mean": 24.034960389253683,
    "n": 3,
    "std": 0.5188163693913254
  },
  "wall_clock_time_sec": {
    "ci95": 1.7343114937011885,
    "mean": 170.2578570842743,
    "n": 3,
    "std": 1.532610011857719
  },
  "write_time_sec_total": {
    "ci95": 0.5861982025632858,
    "mean": 23.959847033761132,
    "n": 3,
    "std": 0.5180229949720222
  }
}