{
  "correctness": {
    "all_passed": true,
    "pass_rate": 1.0
  },
  "goodput_steps_per_sec": {
    "ci95": 0.11034280502834633,
    "mean": 8.696344858407356,
    "n": 3,
    "std": 0.09750986967283798
  },
  "label": "exp4_matrix_20260216_221349_cifar100_resnet50_fbase_k50_m4_failure_overlapped",
  "num_runs": 3,
  "replayed_steps": {
    "ci95": 0.0,
    "mean": 0.0,
    "n": 3,
    "std": 0.0
  },
  "restarts": {
    "ci95": 0.0,
    "mean": 2.0,
    "n": 3,
    "std": 0.0
  },
  "run_ids": [
    "exp4_matrix_20260216_221349_cifar100_resnet50_fbase_k50_m4_s1337_failure_overlapped",
    "exp4_matrix_20260216_221349_cifar100_resnet50_fbase_k50_m4_s2027_failure_overlapped",
    "exp4_matrix_20260216_221349_cifar100_resnet50_fbase_k50_m4_s4242_failure_overlapped"
  ],
  "runs": [
    {
      "correctness_passed": true,
      "goodput_steps_per_sec": 8.759900785702259,
      "replayed_steps": 0,
      "restarts": 2,
      "run_id": "exp4_matrix_20260216_221349_cifar100_resnet50_fbase_k50_m4_s1337_failure_overlapped",
      "snapshot_time_sec_total": 0.041976273991167545,
      "stall_time_sec_total": 9.65306613710709,
      "wall_clock_time_sec": 182.650470495224,
      "write_time_sec_total": 1.9177420660853386
    },
    {
      "correctness_passed": true,
      "goodput_steps_per_sec": 8.584076785039034,
      "replayed_steps": 0,
      "restarts": 2,
      "run_id": "exp4_matrix_20260216_221349_cifar100_resnet50_fbase_k50_m4_s2027_failure_overlapped",
      "snapshot_time_sec_total": 0.038821784080937505,
      "stall_time_sec_total": 10.17192073550541,
      "wall_clock_time_sec": 186.39162254333496,
      "write_time_sec_total": 2.017551166936755
    },
    {
      "correctness_passed": true,
      "goodput_steps_per_sec": 8.745057004480772,
      "replayed_steps": 0,
      "restarts": 2,
      "run_id": "exp4_matrix_20260216_221349_cifar100_resnet50_fbase_k50_m4_s4242_failure_overlapped",
      "snapshot_time_sec_total": 0.045352995046414435,
      "stall_time_sec_total": 9.622695904341526,
      "wall_clock_time_sec": 182.96049976348877,
      "write_time_sec_total": 1.8977469940437004
    }
  ],
  "snapshot_time_sec_total": {
    "ci95": 0.0036960934790796597,
    "mean": 0.042050351039506495,
    "n": 3,
    "std": 0.003266235558821421
  },
  "stall_time_sec_total": {
    "ci95": 0.34932883527929004,
    "mean": 9.815894258984676,
    "n": 3,
    "std": 0.3087016792105049
  },
  "wall_clock_time_sec": {
    "ci95": 2.349500594111634,
    "mean": 184.00086426734924,
    "n": 3,
    "std": 2.0762522456197003
  },
  "write_time_sec_total": {
    "ci95": 0.07262689625231403,
    "mean": 1.9443467423552647,
    "n": 3,
    "std": 0.06418034403318448
  }
}