{
  "checkpoint": {
    "backpressure_wait_sec_total": 2.301926724612713e-05,
    "enqueue_latency_sec_total": 6.9000675233546644,
    "num_events": 35,
    "snapshot_time_sec_total": 0.039920840063132346,
    "stall_time_sec_total": 9.67277186177671,
    "write_time_sec_total": 1.9190560970455408
  },
  "final_step": 1600,
  "goodput_steps_per_sec": 8.739583353112005,
  "replayed_steps": 0,
  "restarts": 2,
  "run_id": "exp4_matrix_20260216_221349_cifar100_resnet50_flate_k50_m4_s1337_failure_overlapped",
  "supervisor": {
    "attempts": 3,
    "duration_sec": 195.4606487751007,
    "restarts": 2,
    "restarts_without_checkpoint_streak": 0,
    "restarts_without_checkpoint_total": 0,
    "status": "completed",
    "target_steps": 1600,
    "time": 1771363836.9800365
  },
  "useful_steps": 1600,
  "wall_clock_time_sec": 183.07508897781372
}