{
  "checkpoint": {
    "backpressure_wait_sec_total": 2.064357977360487e-05,
    "enqueue_latency_sec_total": 7.42221209674608,
    "num_events": 35,
    "snapshot_time_sec_total": 0.038821784080937505,
    "stall_time_sec_total": 10.17192073550541,
    "write_time_sec_total": 2.017551166936755
  },
  "final_step": 1600,
  "goodput_steps_per_sec": 8.584076785039034,
  "replayed_steps": 0,
  "restarts": 2,
  "run_id": "exp4_matrix_20260216_221349_cifar100_resnet50_fbase_k50_m4_s2027_failure_overlapped",
  "supervisor": {
    "attempts": 3,
    "duration_sec": 199.75562405586243,
    "restarts": 2,
    "restarts_without_checkpoint_streak": 0,
    "restarts_without_checkpoint_total": 0,
    "status": "completed",
    "target_steps": 1600,
    "time": 1771362523.4783883
  },
  "useful_steps": 1600,
  "wall_clock_time_sec": 186.39162254333496
}