{
  "checkpoint": {
    "backpressure_wait_sec_total": 2.5385059416294098e-05,
    "enqueue_latency_sec_total": 4.271540608257055,
    "num_events": 35,
    "snapshot_time_sec_total": 0.02421499800402671,
    "stall_time_sec_total": 5.884870698908344,
    "write_time_sec_total": 0.8824524190276861
  },
  "final_step": 1600,
  "goodput_steps_per_sec": 12.962951866819711,
  "replayed_steps": 0,
  "restarts": 2,
  "run_id": "exp4_matrix_20260216_221349_cifar10_resnet18_fbase_k50_m4_s4242_failure_overlapped",
  "supervisor": {
    "attempts": 3,
    "duration_sec": 134.87960386276245,
    "restarts": 2,
    "restarts_without_checkpoint_streak": 0,
    "restarts_without_checkpoint_total": 0,
    "status": "completed",
    "target_steps": 1600,
    "time": 1771252594.0215662
  },
  "useful_steps": 1600,
  "wall_clock_time_sec": 123.42867708206177
}