{
  "checkpoint": {
    "backpressure_wait_sec_total": 2.1718675270676613e-05,
    "enqueue_latency_sec_total": 7.183287885971367,
    "num_events": 35,
    "snapshot_time_sec_total": 0.04065860225819051,
    "stall_time_sec_total": 10.128279693890363,
    "write_time_sec_total": 1.8383970890427008
  },
  "final_step": 1600,
  "goodput_steps_per_sec": 7.846320091160466,
  "replayed_steps": 0,
  "restarts": 2,
  "run_id": "exp4_matrix_20260216_221349_cifar10_resnet50_flate_k50_m4_s2027_failure_overlapped",
  "supervisor": {
    "attempts": 3,
    "duration_sec": 216.9862983226776,
    "restarts": 2,
    "restarts_without_checkpoint_streak": 0,
    "restarts_without_checkpoint_total": 0,
    "status": "completed",
    "target_steps": 1600,
    "time": 1771261856.419943
  },
  "useful_steps": 1600,
  "wall_clock_time_sec": 203.91724801063538
}