{
  "correctness": {
    "all_passed": true,
    "pass_rate": 1.0
  },
  "goodput_steps_per_sec": {
    "ci95": 0.0,
    "mean": 7.2258543770720705,
    "n": 1,
    "std": 0.0
  },
  "label": "exp4_matrix_20260215_151709_cifar10_resnet50_flate_k50_m4_reference",
  "num_runs": 1,
  "replayed_steps": {
    "ci95": 0.0,
    "mean": 0.0,
    "n": 1,
    "std": 0.0
  },
  "restarts": {
    "ci95": 0.0,
    "mean": 0.0,
    "n": 1,
    "std": 0.0
  },
  "run_ids": [
    "exp4_matrix_20260215_151709_cifar10_resnet50_flate_k50_m4_s1337_reference"
  ],
  "runs": [
    {
      "correctness_passed": true,
      "goodput_steps_per_sec": 7.2258543770720705,
      "replayed_steps": 0,
      "restarts": 0,
      "run_id": "exp4_matrix_20260215_151709_cifar10_resnet50_flate_k50_m4_s1337_reference",
      "snapshot_time_sec_total": 0.03781290678307414,
      "stall_time_sec_total": 24.7100865872344,
      "wall_clock_time_sec": 221.42710280418396,
      "write_time_sec_total": 24.49226934532635
    }
  ],
  "snapshot_time_sec_total": {
    "ci95": 0.0,
    "mean": 0.03781290678307414,
    "n": 1,
    "std": 0.0
  },
  "stall_time_sec_total": {
    "ci95": 0.0,
    "mean": 24.7100865872344,
    "n": 1,
    "std": 0.0
  },
  "wall_clock_time_sec": {
    "ci95": 0.0,
    "mean": 221.42710280418396,
    "n": 1,
    "std": 0.0
  },
  "write_time_sec_total": {
    "ci95": 0.0,
    "mean": 24.49226934532635,
    "n": 1,
    "std": 0.0
  }
}