{
  "correctness": {
    "all_passed": true,
    "pass_rate": 1.0
  },
  "goodput_steps_per_sec": {
    "ci95": 0.0,
    "mean": 6.802992468790563,
    "n": 1,
    "std": 0.0
  },
  "label": "exp4_matrix_20260215_151709_cifar10_resnet50_flate_k50_m4_failure_overlapped",
  "num_runs": 1,
  "replayed_steps": {
    "ci95": 0.0,
    "mean": 0.0,
    "n": 1,
    "std": 0.0
  },
  "restarts": {
    "ci95": 0.0,
    "mean": 2.0,
    "n": 1,
    "std": 0.0
  },
  "run_ids": [
    "exp4_matrix_20260215_151709_cifar10_resnet50_flate_k50_m4_s1337_failure_overlapped"
  ],
  "runs": [
    {
      "correctness_passed": true,
      "goodput_steps_per_sec": 6.802992468790563,
      "replayed_steps": 0,
      "restarts": 2,
      "run_id": "exp4_matrix_20260215_151709_cifar10_resnet50_flate_k50_m4_s1337_failure_overlapped",
      "snapshot_time_sec_total": 0.03886202012654394,
      "stall_time_sec_total": 10.1076445375802,
      "wall_clock_time_sec": 235.19061756134033,
      "write_time_sec_total": 1.9490958609385416
    }
  ],
  "snapshot_time_sec_total": {
    "ci95": 0.0,
    "mean": 0.03886202012654394,
    "n": 1,
    "std": 0.0
  },
  "stall_time_sec_total": {
    "ci95": 0.0,
    "mean": 10.1076445375802,
    "n": 1,
    "std": 0.0
  },
  "wall_clock_time_sec": {
    "ci95": 0.0,
    "mean": 235.19061756134033,
    "n": 1,
    "std": 0.0
  },
  "write_time_sec_total": {
    "ci95": 0.0,
    "mean": 1.9490958609385416,
    "n": 1,
    "std": 0.0
  }
}