{
  "correctness": {
    "all_passed": true,
    "pass_rate": 1.0
  },
  "goodput_steps_per_sec": {
    "ci95": 0.0,
    "mean": 6.722161791191809,
    "n": 1,
    "std": 0.0
  },
  "label": "exp4_matrix_20260215_151709_cifar10_resnet50_fbase_k50_m4_failure_blocking",
  "num_runs": 1,
  "replayed_steps": {
    "ci95": 0.0,
    "mean": 0.0,
    "n": 1,
    "std": 0.0
  },
  "restarts": {
    "ci95": 0.0,
    "mean": 2.0,
    "n": 1,
    "std": 0.0
  },
  "run_ids": [
    "exp4_matrix_20260215_151709_cifar10_resnet50_fbase_k50_m4_s1337_failure_blocking"
  ],
  "runs": [
    {
      "correctness_passed": true,
      "goodput_steps_per_sec": 6.722161791191809,
      "replayed_steps": 0,
      "restarts": 2,
      "run_id": "exp4_matrix_20260215_151709_cifar10_resnet50_fbase_k50_m4_s1337_failure_blocking",
      "snapshot_time_sec_total": 0.04166814289055765,
      "stall_time_sec_total": 24.282534724799916,
      "wall_clock_time_sec": 238.0186686515808,
      "write_time_sec_total": 24.108155623660423
    }
  ],
  "snapshot_time_sec_total": {
    "ci95": 0.0,
    "mean": 0.04166814289055765,
    "n": 1,
    "std": 0.0
  },
  "stall_time_sec_total": {
    "ci95": 0.0,
    "mean": 24.282534724799916,
    "n": 1,
    "std": 0.0
  },
  "wall_clock_time_sec": {
    "ci95": 0.0,
    "mean": 238.0186686515808,
    "n": 1,
    "std": 0.0
  },
  "write_time_sec_total": {
    "ci95": 0.0,
    "mean": 24.108155623660423,
    "n": 1,
    "std": 0.0
  }
}