{
  "checkpoint": {
    "backpressure_wait_sec_total": 2.335000317543745e-05,
    "enqueue_latency_sec_total": 6.764253374771215,
    "num_events": 35,
    "snapshot_time_sec_total": 0.02438783273100853,
    "stall_time_sec_total": 8.309152998030186,
    "write_time_sec_total": 0.9218341109808534
  },
  "final_step": 1600,
  "goodput_steps_per_sec": 11.771754836059428,
  "replayed_steps": 0,
  "restarts": 2,
  "run_id": "exp4_matrix_20260216_221349_cifar10_resnet18_flate_k50_m4_s4242_failure_overlapped",
  "supervisor": {
    "attempts": 3,
    "duration_sec": 148.01648569107056,
    "restarts": 2,
    "restarts_without_checkpoint_streak": 0,
    "restarts_without_checkpoint_total": 0,
    "status": "completed",
    "target_steps": 1600,
    "time": 1771253999.8965056
  },
  "useful_steps": 1600,
  "wall_clock_time_sec": 135.91856288909912
}