{
  "checkpoint": {
    "backpressure_wait_sec_total": 2.4982262402772903e-05,
    "enqueue_latency_sec_total": 7.365554558462463,
    "num_events": 35,
    "snapshot_time_sec_total": 0.04210998793132603,
    "stall_time_sec_total": 10.416775788064115,
    "write_time_sec_total": 1.8156128019327298
  },
  "final_step": 1600,
  "goodput_steps_per_sec": 7.85989598385896,
  "replayed_steps": 0,
  "restarts": 2,
  "run_id": "exp4_matrix_20260216_221349_cifar10_resnet50_flate_k50_m4_s4242_failure_overlapped",
  "supervisor": {
    "attempts": 3,
    "duration_sec": 216.7700822353363,
    "restarts": 2,
    "restarts_without_checkpoint_streak": 0,
    "restarts_without_checkpoint_total": 0,
    "status": "completed",
    "target_steps": 1600,
    "time": 1771262571.2165055
  },
  "useful_steps": 1600,
  "wall_clock_time_sec": 203.565034866333
}