{
  "checkpoint": {
    "backpressure_wait_sec_total": 2.3807864636182785e-05,
    "enqueue_latency_sec_total": 4.686539645656012,
    "num_events": 35,
    "snapshot_time_sec_total": 0.024624967365525663,
    "stall_time_sec_total": 6.127344891778193,
    "write_time_sec_total": 0.8727009900612757
  },
  "final_step": 1600,
  "goodput_steps_per_sec": 11.572050892358263,
  "replayed_steps": 0,
  "restarts": 2,
  "run_id": "exp4_matrix_20260215_151709_cifar10_resnet18_fbase_k50_m4_s1337_failure_overlapped",
  "supervisor": {
    "attempts": 3,
    "duration_sec": 149.80663108825684,
    "restarts": 2,
    "restarts_without_checkpoint_streak": 0,
    "restarts_without_checkpoint_total": 0,
    "status": "completed",
    "target_steps": 1600,
    "time": 1771140287.6058545
  },
  "useful_steps": 1600,
  "wall_clock_time_sec": 138.26416897773743
}