{
  "checkpoint": {
    "backpressure_wait_sec_total": 2.077349927276373e-05,
    "enqueue_latency_sec_total": 7.01375503372401,
    "num_events": 35,
    "snapshot_time_sec_total": 0.037130586337298155,
    "stall_time_sec_total": 9.666528208763339,
    "write_time_sec_total": 1.8745924440445378
  },
  "final_step": 1600,
  "goodput_steps_per_sec": 8.816812629077232,
  "replayed_steps": 0,
  "restarts": 2,
  "run_id": "exp4_matrix_20260216_221349_cifar100_resnet50_flate_k50_m4_s4242_failure_overlapped",
  "supervisor": {
    "attempts": 3,
    "duration_sec": 193.9023735523224,
    "restarts": 2,
    "restarts_without_checkpoint_streak": 0,
    "restarts_without_checkpoint_total": 0,
    "status": "completed",
    "target_steps": 1600,
    "time": 1771365125.5747843
  },
  "useful_steps": 1600,
  "wall_clock_time_sec": 181.47147583961487
}