{
  "checkpoint": {
    "backpressure_wait_sec_total": 2.6341993361711502e-05,
    "enqueue_latency_sec_total": 8.195901120081544,
    "num_events": 35,
    "snapshot_time_sec_total": 0.05385696003213525,
    "stall_time_sec_total": 10.484207525965758,
    "write_time_sec_total": 1.9257087531732395
  },
  "final_step": 1600,
  "goodput_steps_per_sec": 7.317885699560279,
  "replayed_steps": 0,
  "restarts": 2,
  "run_id": "exp4_matrix_20260215_151709_cifar100_resnet50_flate_k50_m4_s1337_failure_overlapped",
  "supervisor": {
    "attempts": 3,
    "duration_sec": 233.20150089263916,
    "restarts": 2,
    "restarts_without_checkpoint_streak": 0,
    "restarts_without_checkpoint_total": 0,
    "status": "completed",
    "target_steps": 1600,
    "time": 1771174393.2967844
  },
  "useful_steps": 1600,
  "wall_clock_time_sec": 218.64238739013672
}