{
  "checkpoint": {
    "backpressure_wait_sec_total": 2.2637657821178436e-05,
    "enqueue_latency_sec_total": 7.121769222081639,
    "num_events": 35,
    "snapshot_time_sec_total": 0.04145361785776913,
    "stall_time_sec_total": 10.060247509391047,
    "write_time_sec_total": 1.9255991011159495
  },
  "final_step": 1600,
  "goodput_steps_per_sec": 7.846742267436021,
  "replayed_steps": 0,
  "restarts": 2,
  "run_id": "exp4_matrix_20260216_221349_cifar10_resnet50_fbase_k50_m4_s2027_failure_overlapped",
  "supervisor": {
    "attempts": 3,
    "duration_sec": 217.37838912010193,
    "restarts": 2,
    "restarts_without_checkpoint_streak": 0,
    "restarts_without_checkpoint_total": 0,
    "status": "completed",
    "target_steps": 1600,
    "time": 1771259694.7558134
  },
  "useful_steps": 1600,
  "wall_clock_time_sec": 203.90627670288086
}