{
  "checkpoint": {
    "backpressure_wait_sec_total": 0.0,
    "enqueue_latency_sec_total": 0.0,
    "num_events": 32,
    "snapshot_time_sec_total": 0.021546348580159247,
    "stall_time_sec_total": 12.742015653755516,
    "write_time_sec_total": 12.607880740077235
  },
  "final_step": 1600,
  "goodput_steps_per_sec": 13.865354983672374,
  "replayed_steps": 0,
  "restarts": 0,
  "run_id": "exp4_matrix_20260216_221349_cifar100_resnet18_fbase_k50_m4_s4242_reference",
  "supervisor": {
    "attempts": 1,
    "duration_sec": 127.05183744430542,
    "restarts": 0,
    "restarts_without_checkpoint_streak": 0,
    "restarts_without_checkpoint_total": 0,
    "status": "completed",
    "target_steps": 1600,
    "time": 1771263747.6929781
  },
  "useful_steps": 1600,
  "wall_clock_time_sec": 115.39553093910217
}