{
  "correctness": {
    "all_passed": true,
    "pass_rate": 1.0
  },
  "goodput_steps_per_sec": {
    "ci95": 0.0,
    "mean": 12.297896631733446,
    "n": 1,
    "std": 0.0
  },
  "label": "exp4_matrix_20260215_151709_cifar100_resnet18_flate_k50_m4_failure_blocking",
  "num_runs": 1,
  "replayed_steps": {
    "ci95": 0.0,
    "mean": 0.0,
    "n": 1,
    "std": 0.0
  },
  "restarts": {
    "ci95": 0.0,
    "mean": 2.0,
    "n": 1,
    "std": 0.0
  },
  "run_ids": [
    "exp4_matrix_20260215_151709_cifar100_resnet18_flate_k50_m4_s1337_failure_blocking"
  ],
  "runs": [
    {
      "correctness_passed": true,
      "goodput_steps_per_sec": 12.297896631733446,
      "replayed_steps": 0,
      "restarts": 2,
      "run_id": "exp4_matrix_20260215_151709_cifar100_resnet18_flate_k50_m4_s1337_failure_blocking",
      "snapshot_time_sec_total": 0.023079003090970218,
      "stall_time_sec_total": 11.795908308122307,
      "wall_clock_time_sec": 130.10354924201965,
      "write_time_sec_total": 11.607648807112128
    }
  ],
  "snapshot_time_sec_total": {
    "ci95": 0.0,
    "mean": 0.023079003090970218,
    "n": 1,
    "std": 0.0
  },
  "stall_time_sec_total": {
    "ci95": 0.0,
    "mean": 11.795908308122307,
    "n": 1,
    "std": 0.0
  },
  "wall_clock_time_sec": {
    "ci95": 0.0,
    "mean": 130.10354924201965,
    "n": 1,
    "std": 0.0
  },
  "write_time_sec_total": {
    "ci95": 0.0,
    "mean": 11.607648807112128,
    "n": 1,
    "std": 0.0
  }
}