{
  "correctness": {
    "all_passed": true,
    "pass_rate": 1.0
  },
  "goodput_steps_per_sec": {
    "ci95": 0.0,
    "mean": 12.747096733094018,
    "n": 1,
    "std": 0.0
  },
  "label": "exp4_matrix_20260215_151709_cifar100_resnet18_flate_k50_m4_failure_overlapped",
  "num_runs": 1,
  "replayed_steps": {
    "ci95": 0.0,
    "mean": 0.0,
    "n": 1,
    "std": 0.0
  },
  "restarts": {
    "ci95": 0.0,
    "mean": 2.0,
    "n": 1,
    "std": 0.0
  },
  "run_ids": [
    "exp4_matrix_20260215_151709_cifar100_resnet18_flate_k50_m4_s1337_failure_overlapped"
  ],
  "runs": [
    {
      "correctness_passed": true,
      "goodput_steps_per_sec": 12.747096733094018,
      "replayed_steps": 0,
      "restarts": 2,
      "run_id": "exp4_matrix_20260215_151709_cifar100_resnet18_flate_k50_m4_s1337_failure_overlapped",
      "snapshot_time_sec_total": 0.020588745013810694,
      "stall_time_sec_total": 5.101918732980266,
      "wall_clock_time_sec": 125.51877760887146,
      "write_time_sec_total": 0.8684961340622976
    }
  ],
  "snapshot_time_sec_total": {
    "ci95": 0.0,
    "mean": 0.020588745013810694,
    "n": 1,
    "std": 0.0
  },
  "stall_time_sec_total": {
    "ci95": 0.0,
    "mean": 5.101918732980266,
    "n": 1,
    "std": 0.0
  },
  "wall_clock_time_sec": {
    "ci95": 0.0,
    "mean": 125.51877760887146,
    "n": 1,
    "std": 0.0
  },
  "write_time_sec_total": {
    "ci95": 0.0,
    "mean": 0.8684961340622976,
    "n": 1,
    "std": 0.0
  }
}