{
  "correctness": {
    "all_passed": true,
    "pass_rate": 1.0
  },
  "goodput_steps_per_sec": {
    "ci95": 0.0,
    "mean": 8.644376727253412,
    "n": 1,
    "std": 0.0
  },
  "label": "exp4_matrix_20260215_151709_cifar100_resnet50_fbase_k50_m4_reference",
  "num_runs": 1,
  "replayed_steps": {
    "ci95": 0.0,
    "mean": 0.0,
    "n": 1,
    "std": 0.0
  },
  "restarts": {
    "ci95": 0.0,
    "mean": 0.0,
    "n": 1,
    "std": 0.0
  },
  "run_ids": [
    "exp4_matrix_20260215_151709_cifar100_resnet50_fbase_k50_m4_s1337_reference"
  ],
  "runs": [
    {
      "correctness_passed": true,
      "goodput_steps_per_sec": 8.644376727253412,
      "replayed_steps": 0,
      "restarts": 0,
      "run_id": "exp4_matrix_20260215_151709_cifar100_resnet50_fbase_k50_m4_s1337_reference",
      "snapshot_time_sec_total": 0.0402272108476609,
      "stall_time_sec_total": 24.104984935256653,
      "wall_clock_time_sec": 185.09142422676086,
      "write_time_sec_total": 23.90924463083502
    }
  ],
  "snapshot_time_sec_total": {
    "ci95": 0.0,
    "mean": 0.0402272108476609,
    "n": 1,
    "std": 0.0
  },
  "stall_time_sec_total": {
    "ci95": 0.0,
    "mean": 24.104984935256653,
    "n": 1,
    "std": 0.0
  },
  "wall_clock_time_sec": {
    "ci95": 0.0,
    "mean": 185.09142422676086,
    "n": 1,
    "std": 0.0
  },
  "write_time_sec_total": {
    "ci95": 0.0,
    "mean": 23.90924463083502,
    "n": 1,
    "std": 0.0
  }
}