{
  "correctness": {
    "all_passed": true,
    "pass_rate": 1.0
  },
  "goodput_steps_per_sec": {
    "ci95": 0.05735350498951996,
    "mean": 7.541034593815833,
    "n": 3,
    "std": 0.05068325746632841
  },
  "label": "exp4_matrix_20260216_221349_cifar10_resnet50_fbase_k50_m4_failure_blocking",
  "num_runs": 3,
  "replayed_steps": {
    "ci95": 0.0,
    "mean": 0.0,
    "n": 3,
    "std": 0.0
  },
  "restarts": {
    "ci95": 0.0,
    "mean": 2.0,
    "n": 3,
    "std": 0.0
  },
  "run_ids": [
    "exp4_matrix_20260216_221349_cifar10_resnet50_fbase_k50_m4_s1337_failure_blocking",
    "exp4_matrix_20260216_221349_cifar10_resnet50_fbase_k50_m4_s2027_failure_blocking",
    "exp4_matrix_20260216_221349_cifar10_resnet50_fbase_k50_m4_s4242_failure_blocking"
  ],
  "runs": [
    {
      "correctness_passed": true,
      "goodput_steps_per_sec": 7.597623655857883,
      "replayed_steps": 0,
      "restarts": 2,
      "run_id": "exp4_matrix_20260216_221349_cifar10_resnet50_fbase_k50_m4_s1337_failure_blocking",
      "snapshot_time_sec_total": 0.042727833962999284,
      "stall_time_sec_total": 22.869703173986636,
      "wall_clock_time_sec": 210.5921630859375,
      "write_time_sec_total": 22.684962268336676
    },
    {
      "correctness_passed": true,
      "goodput_steps_per_sec": 7.499815236672231,
      "replayed_steps": 0,
      "restarts": 2,
      "run_id": "exp4_matrix_20260216_221349_cifar10_resnet50_fbase_k50_m4_s2027_failure_blocking",
      "snapshot_time_sec_total": 0.0428854658966884,
      "stall_time_sec_total": 23.962840326013975,
      "wall_clock_time_sec": 213.3385889530182,
      "write_time_sec_total": 23.771582311368547
    },
    {
      "correctness_passed": true,
      "goodput_steps_per_sec": 7.525664888917382,
      "replayed_steps": 0,
      "restarts": 2,
      "run_id": "exp4_matrix_20260216_221349_cifar10_resnet50_fbase_k50_m4_s4242_failure_blocking",
      "snapshot_time_sec_total": 0.041475563892163336,
      "stall_time_sec_total": 25.11151446576696,
      "wall_clock_time_sec": 212.6057994365692,
      "write_time_sec_total": 24.903049485990778
    }
  ],
  "snapshot_time_sec_total": {
    "ci95": 0.0008742044112796711,
    "mean": 0.04236295458395034,
    "n": 3,
    "std": 0.0007725339063965454
  },
  "stall_time_sec_total": {
    "ci95": 1.2685538808517614,
    "mean": 23.981352655255858,
    "n": 3,
    "std": 1.1210202927417994
  },
  "wall_clock_time_sec": {
    "ci95": 1.6092812766550635,
    "mean": 212.17885049184164,
    "n": 3,
    "std": 1.422120885120345
  },
  "write_time_sec_total": {
    "ci95": 1.2550864918820324,
    "mean": 23.786531355232,
    "n": 3,
    "std": 1.1091191693025833
  }
}