{
  "correctness": {
    "all_passed": true,
    "pass_rate": 1.0
  },
  "goodput_steps_per_sec": {
    "ci95": 0.07534818564318566,
    "mean": 8.418934700652258,
    "n": 3,
    "std": 0.06658514581231091
  },
  "label": "exp4_matrix_20260216_221349_cifar10_resnet50_fbase_k50_m4_reference",
  "num_runs": 3,
  "replayed_steps": {
    "ci95": 0.0,
    "mean": 0.0,
    "n": 3,
    "std": 0.0
  },
  "restarts": {
    "ci95": 0.0,
    "mean": 0.0,
    "n": 3,
    "std": 0.0
  },
  "run_ids": [
    "exp4_matrix_20260216_221349_cifar10_resnet50_fbase_k50_m4_s1337_reference",
    "exp4_matrix_20260216_221349_cifar10_resnet50_fbase_k50_m4_s2027_reference",
    "exp4_matrix_20260216_221349_cifar10_resnet50_fbase_k50_m4_s4242_reference"
  ],
  "runs": [
    {
      "correctness_passed": true,
      "goodput_steps_per_sec": 8.494206047771781,
      "replayed_steps": 0,
      "restarts": 0,
      "run_id": "exp4_matrix_20260216_221349_cifar10_resnet50_fbase_k50_m4_s1337_reference",
      "snapshot_time_sec_total": 0.04099652206059545,
      "stall_time_sec_total": 22.97382234199904,
      "wall_clock_time_sec": 188.36369061470032,
      "write_time_sec_total": 22.79605774662923
    },
    {
      "correctness_passed": true,
      "goodput_steps_per_sec": 8.367725159922236,
      "replayed_steps": 0,
      "restarts": 0,
      "run_id": "exp4_matrix_20260216_221349_cifar10_resnet50_fbase_k50_m4_s2027_reference",
      "snapshot_time_sec_total": 0.03989153495058417,
      "stall_time_sec_total": 23.601244650548324,
      "wall_clock_time_sec": 191.2108690738678,
      "write_time_sec_total": 23.406367240590043
    },
    {
      "correctness_passed": true,
      "goodput_steps_per_sec": 8.394872894262758,
      "replayed_steps": 0,
      "restarts": 0,
      "run_id": "exp4_matrix_20260216_221349_cifar10_resnet50_fbase_k50_m4_s4242_reference",
      "snapshot_time_sec_total": 0.04313026391901076,
      "stall_time_sec_total": 27.13512870192062,
      "wall_clock_time_sec": 190.5925223827362,
      "write_time_sec_total": 26.963423323933966
    }
  ],
  "snapshot_time_sec_total": {
    "ci95": 0.001863043674715141,
    "mean": 0.04133944031006346,
    "n": 3,
    "std": 0.0016463705619012494
  },
  "stall_time_sec_total": {
    "ci95": 2.5387051211531038,
    "mean": 24.570065231489327,
    "n": 3,
    "std": 2.2434521710573865
  },
  "wall_clock_time_sec": {
    "ci95": 1.6946709082146507,
    "mean": 190.0556940237681,
    "n": 3,
    "std": 1.4975796505799328
  },
  "write_time_sec_total": {
    "ci95": 2.5468296578490333,
    "mean": 24.388616103717748,
    "n": 3,
    "std": 2.2506318191927477
  }
}