{
  "correctness": {
    "all_passed": true,
    "pass_rate": 1.0
  },
  "goodput_steps_per_sec": {
    "ci95": 0.06250370777274163,
    "mean": 7.804544653539211,
    "n": 3,
    "std": 0.05523448853256441
  },
  "label": "exp4_matrix_20260216_221349_cifar10_resnet50_fbase_k50_m4_failure_overlapped",
  "num_runs": 3,
  "replayed_steps": {
    "ci95": 0.0,
    "mean": 0.0,
    "n": 3,
    "std": 0.0
  },
  "restarts": {
    "ci95": 0.0,
    "mean": 2.0,
    "n": 3,
    "std": 0.0
  },
  "run_ids": [
    "exp4_matrix_20260216_221349_cifar10_resnet50_fbase_k50_m4_s1337_failure_overlapped",
    "exp4_matrix_20260216_221349_cifar10_resnet50_fbase_k50_m4_s2027_failure_overlapped",
    "exp4_matrix_20260216_221349_cifar10_resnet50_fbase_k50_m4_s4242_failure_overlapped"
  ],
  "runs": [
    {
      "correctness_passed": true,
      "goodput_steps_per_sec": 7.7420288240093145,
      "replayed_steps": 0,
      "restarts": 2,
      "run_id": "exp4_matrix_20260216_221349_cifar10_resnet50_fbase_k50_m4_s1337_failure_overlapped",
      "snapshot_time_sec_total": 0.044290433754213154,
      "stall_time_sec_total": 10.761330199777149,
      "wall_clock_time_sec": 206.66417503356934,
      "write_time_sec_total": 1.7322818811517209
    },
    {
      "correctness_passed": true,
      "goodput_steps_per_sec": 7.846742267436021,
      "replayed_steps": 0,
      "restarts": 2,
      "run_id": "exp4_matrix_20260216_221349_cifar10_resnet50_fbase_k50_m4_s2027_failure_overlapped",
      "snapshot_time_sec_total": 0.04145361785776913,
      "stall_time_sec_total": 10.060247509391047,
      "wall_clock_time_sec": 203.90627670288086,
      "write_time_sec_total": 1.9255991011159495
    },
    {
      "correctness_passed": true,
      "goodput_steps_per_sec": 7.824862869172299,
      "replayed_steps": 0,
      "restarts": 2,
      "run_id": "exp4_matrix_20260216_221349_cifar10_resnet50_fbase_k50_m4_s4242_failure_overlapped",
      "snapshot_time_sec_total": 0.04707301640883088,
      "stall_time_sec_total": 10.335571618867107,
      "wall_clock_time_sec": 204.4764268398285,
      "write_time_sec_total": 1.7456722590140998
    }
  ],
  "snapshot_time_sec_total": {
    "ci95": 0.003179523398199285,
    "mean": 0.04427235600693772,
    "n": 3,
    "std": 0.002809742892620006
  },
  "stall_time_sec_total": {
    "ci95": 0.3997072491423285,
    "mean": 10.385716442678435,
    "n": 3,
    "std": 0.3532210528918901
  },
  "wall_clock_time_sec": {
    "ci95": 1.6474701686927582,
    "mean": 205.0156261920929,
    "n": 3,
    "std": 1.4558683857805748
  },
  "write_time_sec_total": {
    "ci95": 0.12216155727335892,
    "mean": 1.8011844137605901,
    "n": 3,
    "std": 0.10795409384142499
  }
}