{
  "correctness": {
    "all_passed": true,
    "pass_rate": 1.0
  },
  "goodput_steps_per_sec": {
    "ci95": 0.05339359972505502,
    "mean": 8.76254307323732,
    "n": 3,
    "std": 0.04718389159326068
  },
  "label": "exp4_matrix_20260216_221349_cifar100_resnet50_flate_k50_m4_failure_overlapped",
  "num_runs": 3,
  "replayed_steps": {
    "ci95": 0.0,
    "mean": 0.0,
    "n": 3,
    "std": 0.0
  },
  "restarts": {
    "ci95": 0.0,
    "mean": 2.0,
    "n": 3,
    "std": 0.0
  },
  "run_ids": [
    "exp4_matrix_20260216_221349_cifar100_resnet50_flate_k50_m4_s1337_failure_overlapped",
    "exp4_matrix_20260216_221349_cifar100_resnet50_flate_k50_m4_s2027_failure_overlapped",
    "exp4_matrix_20260216_221349_cifar100_resnet50_flate_k50_m4_s4242_failure_overlapped"
  ],
  "runs": [
    {
      "correctness_passed": true,
      "goodput_steps_per_sec": 8.739583353112005,
      "replayed_steps": 0,
      "restarts": 2,
      "run_id": "exp4_matrix_20260216_221349_cifar100_resnet50_flate_k50_m4_s1337_failure_overlapped",
      "snapshot_time_sec_total": 0.039920840063132346,
      "stall_time_sec_total": 9.67277186177671,
      "wall_clock_time_sec": 183.07508897781372,
      "write_time_sec_total": 1.9190560970455408
    },
    {
      "correctness_passed": true,
      "goodput_steps_per_sec": 8.731233237522723,
      "replayed_steps": 0,
      "restarts": 2,
      "run_id": "exp4_matrix_20260216_221349_cifar100_resnet50_flate_k50_m4_s2027_failure_overlapped",
      "snapshot_time_sec_total": 0.04814912716392428,
      "stall_time_sec_total": 9.943844342138618,
      "wall_clock_time_sec": 183.25017285346985,
      "write_time_sec_total": 1.96620356105268
    },
    {
      "correctness_passed": true,
      "goodput_steps_per_sec": 8.816812629077232,
      "replayed_steps": 0,
      "restarts": 2,
      "run_id": "exp4_matrix_20260216_221349_cifar100_resnet50_flate_k50_m4_s4242_failure_overlapped",
      "snapshot_time_sec_total": 0.037130586337298155,
      "stall_time_sec_total": 9.666528208763339,
      "wall_clock_time_sec": 181.47147583961487,
      "write_time_sec_total": 1.8745924440445378
    }
  ],
  "snapshot_time_sec_total": {
    "ci95": 0.006482477015352125,
    "mean": 0.04173351785478493,
    "n": 3,
    "std": 0.005728560994636395
  },
  "stall_time_sec_total": {
    "ci95": 0.17917510964371802,
    "mean": 9.761048137559555,
    "n": 3,
    "std": 0.15833693538502241
  },
  "wall_clock_time_sec": {
    "ci95": 1.1093200343275151,
    "mean": 182.59891255696616,
    "n": 3,
    "std": 0.9803054394435242
  },
  "write_time_sec_total": {
    "ci95": 0.05184128276919958,
    "mean": 1.919950700714253,
    "n": 3,
    "std": 0.04581211004377482
  }
}