{
  "correctness": {
    "all_passed": true,
    "pass_rate": 1.0
  },
  "goodput_steps_per_sec": {
    "ci95": 0.061534485695637006,
    "mean": 8.427762539144661,
    "n": 3,
    "std": 0.054377987572685506
  },
  "label": "exp4_matrix_20260216_221349_cifar100_resnet50_flate_k50_m4_failure_blocking",
  "num_runs": 3,
  "replayed_steps": {
    "ci95": 0.0,
    "mean": 0.0,
    "n": 3,
    "std": 0.0
  },
  "restarts": {
    "ci95": 0.0,
    "mean": 2.0,
    "n": 3,
    "std": 0.0
  },
  "run_ids": [
    "exp4_matrix_20260216_221349_cifar100_resnet50_flate_k50_m4_s1337_failure_blocking",
    "exp4_matrix_20260216_221349_cifar100_resnet50_flate_k50_m4_s2027_failure_blocking",
    "exp4_matrix_20260216_221349_cifar100_resnet50_flate_k50_m4_s4242_failure_blocking"
  ],
  "runs": [
    {
      "correctness_passed": true,
      "goodput_steps_per_sec": 8.377341386870535,
      "replayed_steps": 0,
      "restarts": 2,
      "run_id": "exp4_matrix_20260216_221349_cifar100_resnet50_flate_k50_m4_s1337_failure_blocking",
      "snapshot_time_sec_total": 0.03950369043741375,
      "stall_time_sec_total": 25.712434791144915,
      "wall_clock_time_sec": 190.9913809299469,
      "write_time_sec_total": 25.632763053523377
    },
    {
      "correctness_passed": true,
      "goodput_steps_per_sec": 8.485380615724788,
      "replayed_steps": 0,
      "restarts": 2,
      "run_id": "exp4_matrix_20260216_221349_cifar100_resnet50_flate_k50_m4_s2027_failure_blocking",
      "snapshot_time_sec_total": 0.038674052339047194,
      "stall_time_sec_total": 23.72320666303858,
      "wall_clock_time_sec": 188.55960297584534,
      "write_time_sec_total": 23.645930183120072
    },
    {
      "correctness_passed": true,
      "goodput_steps_per_sec": 8.420565614838658,
      "replayed_steps": 0,
      "restarts": 2,
      "run_id": "exp4_matrix_20260216_221349_cifar100_resnet50_flate_k50_m4_s4242_failure_blocking",
      "snapshot_time_sec_total": 0.03865784080699086,
      "stall_time_sec_total": 23.771406751824543,
      "wall_clock_time_sec": 190.01098895072937,
      "write_time_sec_total": 23.695296354824677
    }
  ],
  "snapshot_time_sec_total": {
    "ci95": 0.0005474028464629405,
    "mean": 0.03894519452781727,
    "n": 3,
    "std": 0.00048373956238859095
  },
  "stall_time_sec_total": {
    "ci95": 1.2841732969370947,
    "mean": 24.40234940200268,
    "n": 3,
    "std": 1.1348231612338175
  },
  "wall_clock_time_sec": {
    "ci95": 1.384483605663201,
    "mean": 189.85399095217386,
    "n": 3,
    "std": 1.2234673200279687
  },
  "write_time_sec_total": {
    "ci95": 1.2822421167390594,
    "mean": 24.324663197156042,
    "n": 3,
    "std": 1.1331165784677115
  }
}