{
  "correctness": {
    "all_passed": true,
    "pass_rate": 1.0
  },
  "goodput_steps_per_sec": {
    "ci95": 0.09707781502525775,
    "mean": 9.438827926922881,
    "n": 3,
    "std": 0.08578760607730601
  },
  "label": "exp4_matrix_20260216_221349_cifar100_resnet50_flate_k50_m4_reference",
  "num_runs": 3,
  "replayed_steps": {
    "ci95": 0.0,
    "mean": 0.0,
    "n": 3,
    "std": 0.0
  },
  "restarts": {
    "ci95": 0.0,
    "mean": 0.0,
    "n": 3,
    "std": 0.0
  },
  "run_ids": [
    "exp4_matrix_20260216_221349_cifar100_resnet50_flate_k50_m4_s1337_reference",
    "exp4_matrix_20260216_221349_cifar100_resnet50_flate_k50_m4_s2027_reference",
    "exp4_matrix_20260216_221349_cifar100_resnet50_flate_k50_m4_s4242_reference"
  ],
  "runs": [
    {
      "correctness_passed": true,
      "goodput_steps_per_sec": 9.362424152251101,
      "replayed_steps": 0,
      "restarts": 0,
      "run_id": "exp4_matrix_20260216_221349_cifar100_resnet50_flate_k50_m4_s1337_reference",
      "snapshot_time_sec_total": 0.03604869812261313,
      "stall_time_sec_total": 22.273760708398186,
      "wall_clock_time_sec": 170.8959105014801,
      "write_time_sec_total": 22.20107523421757
    },
    {
      "correctness_passed": true,
      "goodput_steps_per_sec": 9.531631652766306,
      "replayed_steps": 0,
      "restarts": 0,
      "run_id": "exp4_matrix_20260216_221349_cifar100_resnet50_flate_k50_m4_s2027_reference",
      "snapshot_time_sec_total": 0.039638837333768606,
      "stall_time_sec_total": 23.257988682831638,
      "wall_clock_time_sec": 167.86213088035583,
      "write_time_sec_total": 23.182387247565202
    },
    {
      "correctness_passed": true,
      "goodput_steps_per_sec": 9.422427975751233,
      "replayed_steps": 0,
      "restarts": 0,
      "run_id": "exp4_matrix_20260216_221349_cifar100_resnet50_flate_k50_m4_s4242_reference",
      "snapshot_time_sec_total": 0.03399125533178449,
      "stall_time_sec_total": 24.56147606857121,
      "wall_clock_time_sec": 169.807612657547,
      "write_time_sec_total": 24.489430124871433
    }
  ],
  "snapshot_time_sec_total": {
    "ci95": 0.0032344075771753825,
    "mean": 0.03655959692938874,
    "n": 3,
    "std": 0.00285824400819057
  },
  "stall_time_sec_total": {
    "ci95": 1.2985914749179035,
    "mean": 23.364408486600343,
    "n": 3,
    "std": 1.1475644963436806
  },
  "wall_clock_time_sec": {
    "ci95": 1.73921151757484,
    "mean": 169.5218846797943,
    "n": 3,
    "std": 1.5369401599737724
  },
  "write_time_sec_total": {
    "ci95": 1.2991235950927167,
    "mean": 23.290964202218067,
    "n": 3,
    "std": 1.1480347306184302
  }
}