{
  "correctness": {
    "all_passed": true,
    "pass_rate": 1.0
  },
  "goodput_steps_per_sec": {
    "ci95": 0.5916478135286466,
    "mean": 14.33017908275167,
    "n": 3,
    "std": 0.5228388128666596
  },
  "label": "exp4_matrix_20260216_221349_cifar10_resnet18_fbase_k50_m4_reference",
  "num_runs": 3,
  "replayed_steps": {
    "ci95": 0.0,
    "mean": 0.0,
    "n": 3,
    "std": 0.0
  },
  "restarts": {
    "ci95": 0.0,
    "mean": 0.0,
    "n": 3,
    "std": 0.0
  },
  "run_ids": [
    "exp4_matrix_20260216_221349_cifar10_resnet18_fbase_k50_m4_s1337_reference",
    "exp4_matrix_20260216_221349_cifar10_resnet18_fbase_k50_m4_s2027_reference",
    "exp4_matrix_20260216_221349_cifar10_resnet18_fbase_k50_m4_s4242_reference"
  ],
  "runs": [
    {
      "correctness_passed": true,
      "goodput_steps_per_sec": 13.74467851150448,
      "replayed_steps": 0,
      "restarts": 0,
      "run_id": "exp4_matrix_20260216_221349_cifar10_resnet18_fbase_k50_m4_s1337_reference",
      "snapshot_time_sec_total": 0.02399799565318972,
      "stall_time_sec_total": 13.520381471025757,
      "wall_clock_time_sec": 116.40868854522705,
      "write_time_sec_total": 13.413594497251324
    },
    {
      "correctness_passed": true,
      "goodput_steps_per_sec": 14.495445114281953,
      "replayed_steps": 0,
      "restarts": 0,
      "run_id": "exp4_matrix_20260216_221349_cifar10_resnet18_fbase_k50_m4_s2027_reference",
      "snapshot_time_sec_total": 0.023167792009189725,
      "stall_time_sec_total": 11.709805004182272,
      "wall_clock_time_sec": 110.37950110435486,
      "write_time_sec_total": 11.624626542208716
    },
    {
      "correctness_passed": true,
      "goodput_steps_per_sec": 14.750413622468578,
      "replayed_steps": 0,
      "restarts": 0,
      "run_id": "exp4_matrix_20260216_221349_cifar10_resnet18_fbase_k50_m4_s4242_reference",
      "snapshot_time_sec_total": 0.02547708002384752,
      "stall_time_sec_total": 11.245825925958343,
      "wall_clock_time_sec": 108.47153449058533,
      "write_time_sec_total": 11.16642141866032
    }
  ],
  "snapshot_time_sec_total": {
    "ci95": 0.0013236845969213176,
    "mean": 0.02421428922874232,
    "n": 3,
    "std": 0.0011697392729918632
  },
  "stall_time_sec_total": {
    "ci95": 1.3600531701517573,
    "mean": 12.15867080038879,
    "n": 3,
    "std": 1.2018781590295728
  },
  "wall_clock_time_sec": {
    "ci95": 4.6883177303477135,
    "mean": 111.75324138005574,
    "n": 3,
    "std": 4.1430635260144095
  },
  "write_time_sec_total": {
    "ci95": 1.3437198267518378,
    "mean": 12.068214152706787,
    "n": 3,
    "std": 1.187444393403996
  }
}