{
  "correctness": {
    "all_passed": true,
    "pass_rate": 1.0
  },
  "goodput_steps_per_sec": {
    "ci95": 1.5168083422333376,
    "mean": 12.082506600064873,
    "n": 3,
    "std": 1.340402609230848
  },
  "label": "exp4_matrix_20260216_221349_cifar10_resnet18_fbase_k50_m4_failure_blocking",
  "num_runs": 3,
  "replayed_steps": {
    "ci95": 0.0,
    "mean": 0.0,
    "n": 3,
    "std": 0.0
  },
  "restarts": {
    "ci95": 0.0,
    "mean": 2.0,
    "n": 3,
    "std": 0.0
  },
  "run_ids": [
    "exp4_matrix_20260216_221349_cifar10_resnet18_fbase_k50_m4_s1337_failure_blocking",
    "exp4_matrix_20260216_221349_cifar10_resnet18_fbase_k50_m4_s2027_failure_blocking",
    "exp4_matrix_20260216_221349_cifar10_resnet18_fbase_k50_m4_s4242_failure_blocking"
  ],
  "runs": [
    {
      "correctness_passed": true,
      "goodput_steps_per_sec": 10.536263190481444,
      "replayed_steps": 0,
      "restarts": 2,
      "run_id": "exp4_matrix_20260216_221349_cifar10_resnet18_fbase_k50_m4_s1337_failure_blocking",
      "snapshot_time_sec_total": 0.023539214278571308,
      "stall_time_sec_total": 13.687749781180173,
      "wall_clock_time_sec": 151.85649514198303,
      "write_time_sec_total": 13.518549244734459
    },
    {
      "correctness_passed": true,
      "goodput_steps_per_sec": 12.915022274017815,
      "replayed_steps": 0,
      "restarts": 2,
      "run_id": "exp4_matrix_20260216_221349_cifar10_resnet18_fbase_k50_m4_s2027_failure_blocking",
      "snapshot_time_sec_total": 0.022839393583126366,
      "stall_time_sec_total": 11.32475299644284,
      "wall_clock_time_sec": 123.88673949241638,
      "write_time_sec_total": 11.240078780334443
    },
    {
      "correctness_passed": true,
      "goodput_steps_per_sec": 12.79623433569536,
      "replayed_steps": 0,
      "restarts": 2,
      "run_id": "exp4_matrix_20260216_221349_cifar10_resnet18_fbase_k50_m4_s4242_failure_blocking",
      "snapshot_time_sec_total": 0.022582581383176148,
      "stall_time_sec_total": 11.280762886046432,
      "wall_clock_time_sec": 125.03678488731384,
      "write_time_sec_total": 11.191187350195833
    }
  ],
  "snapshot_time_sec_total": {
    "ci95": 0.000560278190274369,
    "mean": 0.02298706308162461,
    "n": 3,
    "std": 0.000495117495881607
  },
  "stall_time_sec_total": {
    "ci95": 1.5583934436793752,
    "mean": 12.097755221223148,
    "n": 3,
    "std": 1.3771513380790334
  },
  "wall_clock_time_sec": {
    "ci95": 17.909716770405268,
    "mean": 133.59333984057108,
    "n": 3,
    "std": 15.826805814035872
  },
  "write_time_sec_total": {
    "ci95": 1.5048261865752803,
    "mean": 11.98327179175491,
    "n": 3,
    "std": 1.3298139855655655
  }
}