{
  "correctness": {
    "all_passed": true,
    "pass_rate": 1.0
  },
  "goodput_steps_per_sec": {
    "ci95": 1.1155458150201132,
    "mean": 12.571130355634642,
    "n": 3,
    "std": 0.9858071580539125
  },
  "label": "exp4_matrix_20260216_221349_cifar10_resnet18_fbase_k50_m4_failure_overlapped",
  "num_runs": 3,
  "replayed_steps": {
    "ci95": 0.0,
    "mean": 0.0,
    "n": 3,
    "std": 0.0
  },
  "restarts": {
    "ci95": 0.0,
    "mean": 2.0,
    "n": 3,
    "std": 0.0
  },
  "run_ids": [
    "exp4_matrix_20260216_221349_cifar10_resnet18_fbase_k50_m4_s1337_failure_overlapped",
    "exp4_matrix_20260216_221349_cifar10_resnet18_fbase_k50_m4_s2027_failure_overlapped",
    "exp4_matrix_20260216_221349_cifar10_resnet18_fbase_k50_m4_s4242_failure_overlapped"
  ],
  "runs": [
    {
      "correctness_passed": true,
      "goodput_steps_per_sec": 11.449653459563848,
      "replayed_steps": 0,
      "restarts": 2,
      "run_id": "exp4_matrix_20260216_221349_cifar10_resnet18_fbase_k50_m4_s1337_failure_overlapped",
      "snapshot_time_sec_total": 0.024393657338805497,
      "stall_time_sec_total": 5.946570071741007,
      "wall_clock_time_sec": 139.7422206401825,
      "write_time_sec_total": 0.957495555980131
    },
    {
      "correctness_passed": true,
      "goodput_steps_per_sec": 13.300785740520363,
      "replayed_steps": 0,
      "restarts": 2,
      "run_id": "exp4_matrix_20260216_221349_cifar10_resnet18_fbase_k50_m4_s2027_failure_overlapped",
      "snapshot_time_sec_total": 0.025150052970275283,
      "stall_time_sec_total": 5.893739708117209,
      "wall_clock_time_sec": 120.29364514350891,
      "write_time_sec_total": 0.8958153709536418
    },
    {
      "correctness_passed": true,
      "goodput_steps_per_sec": 12.962951866819711,
      "replayed_steps": 0,
      "restarts": 2,
      "run_id": "exp4_matrix_20260216_221349_cifar10_resnet18_fbase_k50_m4_s4242_failure_overlapped",
      "snapshot_time_sec_total": 0.02421499800402671,
      "stall_time_sec_total": 5.884870698908344,
      "wall_clock_time_sec": 123.42867708206177,
      "write_time_sec_total": 0.8824524190276861
    }
  ],
  "snapshot_time_sec_total": {
    "ci95": 0.0005617111554430578,
    "mean": 0.024586236104369164,
    "n": 3,
    "std": 0.0004963838063293854
  },
  "stall_time_sec_total": {
    "ci95": 0.03774808042359613,
    "mean": 5.908393492922187,
    "n": 3,
    "std": 0.03335795570503296
  },
  "wall_clock_time_sec": {
    "ci95": 11.816190509580414,
    "mean": 127.8215142885844,
    "n": 3,
    "std": 10.44196036454411
  },
  "write_time_sec_total": {
    "ci95": 0.04529839943867582,
    "mean": 0.9119211153204864,
    "n": 3,
    "std": 0.04003016802517144
  }
}