{
  "checkpoint": {
    "backpressure_wait_sec_total": 2.255360595881939e-05,
    "enqueue_latency_sec_total": 3.541783626540564,
    "num_events": 35,
    "snapshot_time_sec_total": 0.02320008317474276,
    "stall_time_sec_total": 5.0849588417913765,
    "write_time_sec_total": 0.9917677129851654
  },
  "final_step": 1600,
  "goodput_steps_per_sec": 13.791026174296215,
  "replayed_steps": 0,
  "restarts": 2,
  "run_id": "exp4_matrix_20260216_221349_cifar100_resnet18_flate_k50_m4_s4242_failure_overlapped",
  "supervisor": {
    "attempts": 3,
    "duration_sec": 127.70407700538635,
    "restarts": 2,
    "restarts_without_checkpoint_streak": 0,
    "restarts_without_checkpoint_total": 0,
    "status": "completed",
    "target_steps": 1600,
    "time": 1771361215.090059
  },
  "useful_steps": 1600,
  "wall_clock_time_sec": 116.01747250556946
}