{
  "checkpoint": {
    "backpressure_wait_sec_total": 2.4033128283917904e-05,
    "enqueue_latency_sec_total": 3.9196215639822185,
    "num_events": 35,
    "snapshot_time_sec_total": 0.02352716203313321,
    "stall_time_sec_total": 5.290524049894884,
    "write_time_sec_total": 0.9802098700311035
  },
  "final_step": 1600,
  "goodput_steps_per_sec": 12.058309047330294,
  "replayed_steps": 0,
  "restarts": 2,
  "run_id": "exp4_matrix_20260216_221349_cifar100_resnet18_fbase_k50_m4_s2027_failure_overlapped",
  "supervisor": {
    "attempts": 3,
    "duration_sec": 145.14069175720215,
    "restarts": 2,
    "restarts_without_checkpoint_streak": 0,
    "restarts_without_checkpoint_total": 0,
    "status": "completed",
    "target_steps": 1600,
    "time": 1771263550.3138638
  },
  "useful_steps": 1600,
  "wall_clock_time_sec": 132.68858790397644
}