{
  "checkpoint": {
    "backpressure_wait_sec_total": 2.0738807506859303e-05,
    "enqueue_latency_sec_total": 4.320932701113634,
    "num_events": 35,
    "snapshot_time_sec_total": 0.024393657338805497,
    "stall_time_sec_total": 5.946570071741007,
    "write_time_sec_total": 0.957495555980131
  },
  "final_step": 1600,
  "goodput_steps_per_sec": 11.449653459563848,
  "replayed_steps": 0,
  "restarts": 2,
  "run_id": "exp4_matrix_20260216_221349_cifar10_resnet18_fbase_k50_m4_s1337_failure_overlapped",
  "supervisor": {
    "attempts": 3,
    "duration_sec": 151.54997897148132,
    "restarts": 2,
    "restarts_without_checkpoint_streak": 0,
    "restarts_without_checkpoint_total": 0,
    "status": "completed",
    "target_steps": 1600,
    "time": 1771251683.694222
  },
  "useful_steps": 1600,
  "wall_clock_time_sec": 139.7422206401825
}